date,fed_funds_rate,us_2y_yield,us_10y_yield,vix,dxy_broad,us_cpi,yield_slope,india_policy_rate,mexico_policy_rate,philippines_policy_rate,uk_policy_rate,eurozone_policy_rate,us_india_rate_diff,us_mexico_rate_diff,us_philippines_rate_diff,us_uk_rate_diff,us_eurozone_rate_diff,vix_change_5d,vix_change_20d,dxy_change_5d,dxy_change_20d,us_2y_change_5d,us_2y_change_20d,india_rate_changed_30d,mexico_rate_changed_30d,uk_rate_changed_30d,vix_above_20,vix_above_30
2025-04-29,4.33,3.65,4.19,24.17,122.5944,,0.54,6.0,9.0,5.5,4.5,2.25,-1.67,-4.67,-1.17,-0.16999999999999993,2.08,,,,,,,1,1,1,1,0
2025-04-30,4.33,3.6,4.17,24.7,122.5921,,0.57,6.0,9.0,5.5,4.5,2.25,-1.67,-4.67,-1.17,-0.16999999999999993,2.08,,,,,,,1,1,1,1,0
2025-05-02,4.33,3.83,4.33,22.68,122.4962,,0.5,6.0,8.5,5.5,4.25,2.25,-1.67,-4.17,-1.17,0.08000000000000007,2.08,,,,,,,1,1,1,1,0
2025-05-05,4.33,3.83,4.36,23.64,122.2613,,0.53,6.0,8.5,5.5,4.25,2.25,-1.67,-4.17,-1.17,0.08000000000000007,2.08,,,,,,,1,1,1,1,0
2025-05-06,4.33,3.78,4.3,24.76,122.0417,,0.52,6.0,8.5,5.5,4.25,2.25,-1.67,-4.17,-1.17,0.08000000000000007,2.08,,,,,,,1,1,1,1,0
2025-05-07,4.33,3.78,4.26,23.55,122.117,,0.48,6.0,8.5,5.5,4.25,2.25,-1.67,-4.17,-1.17,0.08000000000000007,2.08,-2.5651634257343847,,-0.3894141983646793,,0.1299999999999999,,1,1,1,1,0
2025-05-08,4.33,3.9,4.37,22.48,122.7568,,0.47,6.0,8.5,5.5,4.25,2.25,-1.67,-4.17,-1.17,0.08000000000000007,2.08,-8.98785425101214,,0.13434797185136738,,0.2999999999999998,,1,1,1,1,0
2025-05-09,4.33,3.88,4.37,21.9,122.5191,,0.49,6.0,8.5,5.5,4.25,2.25,-1.67,-4.17,-1.17,0.08000000000000007,2.08,-3.4391534391534417,,0.018694457460721736,,0.04999999999999982,,1,1,1,1,0
2025-05-12,4.33,3.98,4.45,18.39,123.4863,,0.47,6.0,8.5,5.5,4.25,2.25,-1.67,-4.17,-1.17,0.08000000000000007,2.08,-22.208121827411166,,1.0019523757722082,,0.1499999999999999,,1,1,1,0,0
2025-05-13,4.33,4.02,4.49,18.22,122.9583,,0.47,6.0,8.5,5.5,4.25,2.25,-1.67,-4.17,-1.17,0.08000000000000007,2.08,-26.413570274636523,,0.7510547624295594,,0.23999999999999977,,1,1,1,0,0
2025-05-14,4.33,4.05,4.53,18.62,122.6746,,0.48,6.0,8.5,5.5,4.25,2.25,-1.67,-4.17,-1.17,0.08000000000000007,2.08,-20.93418259023354,,0.4566112826223989,,0.27,,1,1,1,0,0
2025-05-15,4.33,3.96,4.45,17.83,122.8174,,0.49,6.0,8.5,5.5,4.25,2.25,-1.67,-4.17,-1.17,0.08000000000000007,2.08,-20.685053380782925,,0.04936590070774294,,0.06000000000000005,,1,1,1,0,0
2025-05-16,4.33,3.98,4.43,17.24,123.0737,,0.45,6.0,8.5,5.5,4.25,2.25,-1.67,-4.17,-1.17,0.08000000000000007,2.08,-21.278538812785385,,0.4526641152277522,,0.10000000000000009,,1,1,1,0,0
2025-05-19,4.33,3.97,4.46,18.14,122.4186,,0.49,6.0,8.5,5.5,4.25,2.25,-1.67,-4.17,-1.17,0.08000000000000007,2.08,-1.359434475258292,,-0.8646303274128408,,-0.009999999999999787,,1,1,1,0,0
2025-05-20,4.33,3.97,4.48,18.09,122.3199,,0.51,6.0,8.5,5.5,4.25,2.25,-1.67,-4.17,-1.17,0.08000000000000007,2.08,-0.7135016465422583,,-0.5192004118469318,,-0.04999999999999938,,1,1,1,0,0
2025-05-21,4.33,4.0,4.58,20.87,121.7496,,0.58,6.0,8.5,5.5,4.25,2.25,-1.67,-4.17,-1.17,0.08000000000000007,2.08,12.083780880773354,,-0.7540273210591253,,-0.04999999999999982,,1,1,1,1,0
2025-05-22,4.33,4.0,4.54,20.28,122.0429,,0.54,6.0,8.5,5.5,4.25,2.25,-1.67,-4.17,-1.17,0.08000000000000007,2.08,13.740886146943376,,-0.6306109720609632,,0.040000000000000036,,1,1,1,1,0
2025-05-23,4.33,4.0,4.51,22.29,121.3837,,0.51,6.0,8.5,5.5,4.25,2.25,-1.67,-4.17,-1.17,0.08000000000000007,2.08,29.292343387471,,-1.3731609596526306,,0.020000000000000018,,1,1,1,1,0
2025-05-26,4.33,,,20.57,,,,6.0,8.5,5.5,4.25,2.25,-1.67,-4.17,-1.17,0.08000000000000007,2.08,13.395810363836812,,-0.8453780716328962,,,,1,1,1,1,0
2025-05-27,4.33,3.92,4.43,18.96,121.6099,,0.51,6.0,8.5,5.5,4.25,2.25,-1.67,-4.17,-1.17,0.08000000000000007,2.08,4.809286898839149,,-0.5804452096510926,,-0.050000000000000266,,1,1,1,0,0
2025-05-28,4.33,3.96,4.47,19.31,121.9888,,0.51,6.0,8.5,5.5,4.25,2.25,-1.67,-4.17,-1.17,0.08000000000000007,2.08,-7.47484427407763,-20.107571369466292,0.1964688179673768,-0.4939866747583843,-0.040000000000000036,0.31000000000000005,1,1,1,0,0
2025-05-29,4.33,3.92,4.43,19.18,121.5617,,0.51,6.0,8.5,5.5,4.25,2.25,-1.67,-4.17,-1.17,0.08000000000000007,2.08,-5.424063116370814,-22.34817813765182,-0.3942875824812453,-0.8405109301496627,-0.08000000000000007,0.31999999999999984,1,1,1,0,0
2025-05-30,4.33,3.89,4.41,18.57,121.7674,,0.52,6.0,8.5,5.5,4.25,2.25,-1.67,-4.17,-1.17,0.08000000000000007,2.08,-16.689098250336464,-18.121693121693117,0.31610504540560136,-0.5949572313263651,-0.10999999999999988,0.06000000000000005,1,1,1,0,0
2025-06-02,4.33,3.94,4.46,18.36,121.1881,,0.52,5.5,8.0,5.25,4.25,2.0,-1.17,-3.67,-0.9199999999999999,0.08000000000000007,2.33,-10.743801652892571,-22.33502538071066,-0.1611418996125491,-0.8777920732071398,,0.10999999999999988,1,1,1,0,0
2025-06-03,4.33,3.96,4.46,17.69,121.4592,,0.5,5.5,8.0,5.25,4.25,2.0,-1.17,-3.67,-0.9199999999999999,0.08000000000000007,2.33,-6.6983122362869185,-28.554119547657507,-0.12392083210330807,-0.47729587509843796,0.040000000000000036,0.18000000000000016,1,1,1,0,0
2025-06-04,4.33,3.87,4.37,17.61,121.0539,,0.5,5.5,8.0,5.25,4.25,2.0,-1.17,-3.67,-0.9199999999999999,0.08000000000000007,2.33,-8.803728638011387,-25.22292993630574,-0.7663818317747206,-0.8705585626898826,-0.08999999999999986,0.0900000000000003,1,1,1,0,0
2025-06-05,4.33,3.92,4.4,18.48,120.9596,,0.48,5.5,8.0,5.25,4.25,2.0,-1.17,-3.67,-0.9199999999999999,0.08000000000000007,2.33,-3.649635036496346,-17.79359430604982,-0.4953040307925982,-1.4640329497021765,0.0,0.020000000000000018,1,1,1,0,0
2025-06-06,4.33,4.04,4.51,16.77,121.161,,0.47,5.5,8.0,5.25,4.25,2.0,-1.17,-3.67,-0.9199999999999999,0.08000000000000007,2.33,-9.693053311793221,-23.424657534246574,-0.4979986433150341,-1.1084802287969708,0.1499999999999999,0.16000000000000014,1,1,1,0,0
2025-06-09,4.33,4.01,4.49,17.16,120.9103,,0.48,5.5,8.0,5.25,4.25,2.0,-1.17,-3.67,-0.9199999999999999,0.08000000000000007,2.33,-6.5359477124183,-6.688417618270803,-0.22923042774001257,-2.0860613687510243,0.06999999999999984,0.029999999999999805,1,1,1,0,0
2025-06-10,4.33,4.01,4.47,16.95,121.0485,,0.46,5.5,8.0,5.25,4.25,2.0,-1.17,-3.67,-0.9199999999999999,0.08000000000000007,2.33,-4.183154324477112,-6.9703622392974784,-0.33813823901358564,-1.5532095027338433,0.04999999999999982,-0.009999999999999787,1,1,1,0,0
2025-06-11,4.33,3.94,4.41,17.26,120.587,,0.47,5.5,8.0,5.25,4.25,2.0,-1.17,-3.67,-0.9199999999999999,0.08000000000000007,2.33,-1.987507098239627,-7.303974221267451,-0.3856959585771258,-1.7017377680465184,0.06999999999999984,-0.10999999999999988,1,1,1,0,0
2025-06-12,4.33,3.9,4.36,18.02,120.1723,,0.46,5.5,8.0,5.25,4.25,2.0,-1.17,-3.67,-0.9199999999999999,0.08000000000000007,2.33,-2.4891774891774965,1.0656197420078506,-0.6508784751272256,-2.1536850641684313,-0.020000000000000018,-0.06000000000000005,1,1,1,0,0
2025-06-13,4.33,3.96,4.41,20.82,120.3245,,0.45,5.5,8.0,5.25,4.25,2.0,-1.17,-3.67,-0.9199999999999999,0.08000000000000007,2.33,24.150268336314863,20.765661252900248,-0.6904036777510947,-2.2337834972053328,-0.08000000000000007,-0.020000000000000018,1,1,0,1,0
2025-06-16,4.33,3.97,4.46,19.11,120.1565,,0.49,5.5,8.0,5.25,4.25,2.0,-1.17,-3.67,-0.9199999999999999,0.08000000000000007,2.33,11.363636363636353,5.347298787210586,-0.6234373746488164,-1.847840115799404,-0.03999999999999959,0.0,1,1,0,0,0
2025-06-17,4.33,3.94,4.39,21.6,120.5048,,0.45,5.5,8.0,5.25,4.25,2.0,-1.17,-3.67,-0.9199999999999999,0.08000000000000007,2.33,27.43362831858409,19.402985074626876,-0.44915880824628607,-1.4838959155460407,-0.06999999999999984,-0.03000000000000025,1,1,0,1,0
2025-06-18,4.33,3.94,4.38,20.14,120.7305,,0.44,5.5,8.0,5.25,4.25,2.0,-1.17,-3.67,-0.9199999999999999,0.08000000000000007,2.33,16.685979142526076,-3.4978437949209407,0.11900121903687388,-0.8370458711979278,0.0,-0.06000000000000005,1,1,0,1,0
2025-06-19,4.33,,,22.17,,,,5.5,8.0,5.25,4.25,2.0,-1.17,-3.67,-0.9199999999999999,0.08000000000000007,2.33,23.02996670366262,9.319526627218933,0.4644997224817926,-1.07535956618533,,,1,1,0,1,0
2025-06-20,4.33,3.9,4.38,20.62,121.0408,,0.48,5.5,8.0,5.25,4.25,2.0,-1.17,-3.67,-0.9199999999999999,0.08000000000000007,2.33,-0.9606147934678178,-7.4921489457155594,0.5953068577056353,-0.28249262462752833,-0.06000000000000005,-0.10000000000000009,1,1,0,1,0
2025-06-23,4.33,3.84,4.34,19.83,121.1694,,0.5,5.5,8.0,5.25,4.25,2.0,-1.17,-3.67,-0.9199999999999999,0.08000000000000007,2.33,3.767660910518056,-3.597472046669914,0.8429839417759322,-0.1765475924691784,-0.13000000000000034,,1,1,0,0,0
2025-06-24,4.33,3.75,4.3,17.48,120.3645,,0.55,5.5,8.0,5.25,4.25,2.0,-1.17,-3.67,-0.9199999999999999,0.08000000000000007,2.33,-19.074074074074076,-7.805907172995785,-0.11642689751777402,-1.0240942554841204,-0.18999999999999995,-0.16999999999999993,1,1,0,0,0
2025-06-25,4.33,3.74,4.29,16.76,120.3336,,0.55,5.5,8.0,5.25,4.25,2.0,-1.17,-3.67,-0.9199999999999999,0.08000000000000007,2.33,-16.78252234359483,-13.205592957017076,-0.3287487420328805,-1.3568458743753453,-0.19999999999999973,-0.21999999999999975,1,1,0,0,0
2025-06-26,4.33,3.7,4.26,16.59,119.6451,,0.56,5.5,8.0,5.25,4.25,2.0,-1.17,-3.67,-0.9199999999999999,0.08000000000000007,2.33,-25.16914749661706,-13.503649635036496,-0.8990271720899057,-1.5766479080170814,,-0.21999999999999975,1,1,0,0,0
2025-06-27,4.33,3.73,4.29,16.32,119.659,,0.56,5.5,8.0,5.25,4.25,2.0,-1.17,-3.67,-0.9199999999999999,0.08000000000000007,2.33,-20.853540252182345,-12.11631663974152,-1.141598535369892,-1.731497921446945,-0.16999999999999993,-0.16000000000000014,1,1,0,0,0
2025-06-30,4.33,3.72,4.24,16.73,119.4088,,0.52,5.5,8.0,5.25,4.25,2.0,-1.17,-3.67,-0.9199999999999999,0.08000000000000007,2.33,-15.632879475542094,-8.877995642701519,-1.4530071123567523,-1.468213463203072,-0.11999999999999966,-0.21999999999999975,1,1,0,0,0
2025-07-01,4.33,3.78,4.26,16.83,119.3436,322.169,0.48,5.5,8.0,5.25,4.25,2.0,-1.17,-3.67,-0.9199999999999999,0.08000000000000007,2.33,-3.7185354691075645,-4.861503674392331,-0.8481736724698874,-1.741819475181794,0.029999999999999805,-0.18000000000000016,1,1,0,0,0
2025-07-02,4.33,3.78,4.3,16.64,119.3037,,0.52,5.5,8.0,5.25,4.25,2.0,-1.17,-3.67,-0.9199999999999999,0.08000000000000007,2.33,-0.7159904534606243,-5.5082339579784145,-0.8558706795109616,-1.4458022418112892,0.03999999999999959,-0.0900000000000003,1,1,0,0,0
2025-07-03,4.33,3.88,4.35,16.38,119.2382,,0.47,5.5,8.0,5.25,4.25,2.0,-1.17,-3.67,-0.9199999999999999,0.08000000000000007,2.33,-1.2658227848101333,-11.363636363636376,-0.34008914698553383,-1.4231197854490119,0.17999999999999972,-0.040000000000000036,1,1,0,0,0
2025-07-04,4.33,,,17.48,,,,5.5,8.0,5.25,4.25,2.0,-1.17,-3.67,-0.9199999999999999,0.08000000000000007,2.33,7.107843137254899,4.233750745378662,-0.3516659841716896,-1.5869793085233619,,,1,1,0,0,0
2025-07-07,4.33,3.9,4.4,17.79,119.6201,,0.5,5.5,8.0,5.25,4.25,2.0,-1.17,-3.67,-0.9199999999999999,0.08000000000000007,2.33,6.335923490735196,3.6713286713286664,0.17695513228506154,-1.067072036046568,0.17999999999999972,-0.10999999999999988,1,1,0,0,0
2025-07-08,4.33,3.9,4.42,16.81,119.8371,,0.52,5.5,8.0,5.25,4.25,2.0,-1.17,-3.67,-0.9199999999999999,0.08000000000000007,2.33,-0.11883541295305555,-0.8259587020648995,0.41351191014851185,-1.0007558953642581,0.1200000000000001,-0.10999999999999988,1,1,0,0,0
2025-07-09,4.33,3.86,4.34,15.94,119.7311,,0.48,5.5,8.0,5.25,4.25,2.0,-1.17,-3.67,-0.9199999999999999,0.08000000000000007,2.33,-4.206730769230771,-7.6477404403244575,0.3582453855161205,-0.7097780026039335,0.08000000000000007,-0.08000000000000007,1,1,0,0,0
2025-07-10,4.33,3.86,4.35,15.78,119.8343,,0.49,5.5,8.0,5.25,4.25,2.0,-1.17,-3.67,-0.9199999999999999,0.08000000000000007,2.33,-3.663003663003661,-12.430632630410654,0.4999236821756625,-0.2812628201340983,-0.020000000000000018,-0.040000000000000036,1,1,0,0,0
2025-07-11,4.33,3.9,4.43,16.4,119.9214,,0.53,5.5,8.0,5.25,4.25,2.0,-1.17,-3.67,-0.9199999999999999,0.08000000000000007,2.33,-6.178489702517176,-21.22958693563882,0.5729707425975894,-0.3350107417857462,,-0.06000000000000005,1,1,0,0,0
2025-07-14,4.33,3.9,4.43,17.2,120.2209,,0.53,5.5,8.0,5.25,4.25,2.0,-1.17,-3.67,-0.9199999999999999,0.08000000000000007,2.33,-3.3164699269252362,-9.994767137624283,0.5022567277572998,0.05359676754899123,0.0,-0.07000000000000028,0,0,0,0,0
2025-07-15,4.33,3.95,4.5,17.38,120.5105,,0.55,5.5,8.0,5.25,4.25,2.0,-1.17,-3.67,-0.9199999999999999,0.08000000000000007,2.33,3.390838786436645,-19.53703703703704,0.561929485943824,0.004730102037431294,0.050000000000000266,0.010000000000000231,0,0,0,0,0
2025-07-16,4.33,3.88,4.46,17.16,120.4175,,0.58,5.5,8.0,5.25,4.25,2.0,-1.17,-3.67,-0.9199999999999999,0.08000000000000007,2.33,7.65370138017567,-14.79642502482622,0.5732846353203147,-0.2592551178037028,0.020000000000000018,-0.06000000000000005,0,0,0,0,0
2025-07-17,4.33,3.91,4.47,16.52,120.6384,,0.56,5.5,8.0,5.25,4.25,2.0,-1.17,-3.67,-0.9199999999999999,0.08000000000000007,2.33,4.689480354879594,-25.48488949030222,0.6710098861511415,-0.0762856113409649,0.050000000000000266,,0,0,0,0,0
2025-07-18,4.33,3.88,4.44,16.41,120.356,,0.56,5.5,8.0,5.25,4.25,2.0,-1.17,-3.67,-0.9199999999999999,0.08000000000000007,2.33,0.06097560975610872,-20.417070805043647,0.36240404131371307,-0.5657596446817958,-0.020000000000000018,-0.020000000000000018,0,0,0,0,0
2025-07-21,4.33,3.85,4.38,16.65,119.9961,,0.53,5.5,8.0,5.25,4.25,2.0,-1.17,-3.67,-0.9199999999999999,0.08000000000000007,2.33,-3.197674418604657,-16.036308623298034,-0.18698911753280978,-0.9683137821925314,-0.04999999999999982,0.010000000000000231,0,0,0,0,0
2025-07-22,4.33,3.83,4.35,16.5,119.681,,0.52,5.5,8.0,5.25,4.25,2.0,-1.17,-3.67,-0.9199999999999999,0.08000000000000007,2.33,-5.0632911392405,-5.60640732265446,-0.6883217644935491,-0.567858463251214,-0.1200000000000001,0.08000000000000007,0,0,0,0,0
2025-07-23,4.33,3.88,4.4,15.37,119.5697,,0.52,5.5,8.0,5.25,4.25,2.0,-1.17,-3.67,-0.9199999999999999,0.08000000000000007,2.33,-10.431235431235441,-8.293556085918862,-0.7040504910000633,-0.6348185377982651,0.0,0.13999999999999968,0,0,0,0,0
2025-07-24,4.33,3.91,4.43,15.39,119.5664,,0.52,5.5,8.0,5.25,4.25,2.0,-1.17,-3.67,-0.9199999999999999,0.08000000000000007,2.33,-6.840193704600484,-7.233273056057865,-0.8886059496810317,-0.06577787138796198,0.0,0.20999999999999996,0,0,0,0,0
2025-07-25,4.33,3.91,4.4,14.93,119.9857,,0.49,5.5,8.0,5.25,4.25,2.0,-1.17,-3.67,-0.9199999999999999,0.08000000000000007,2.33,-9.01889092017063,-8.5171568627451,-0.3076705772873778,0.2730258484526793,0.03000000000000025,0.18000000000000016,0,0,0,0,0
2025-07-28,4.33,3.91,4.42,15.03,120.6149,,0.51,5.5,8.0,5.25,4.25,2.0,-1.17,-3.67,-0.9199999999999999,0.08000000000000007,2.33,-9.72972972972973,-10.161386730424393,0.5156834263780219,1.01005956009943,0.06000000000000005,0.18999999999999995,0,0,0,0,0
2025-07-29,4.33,3.86,4.34,15.98,120.9674,,0.48,5.5,8.0,5.25,4.25,2.0,-1.17,-3.67,-0.9199999999999999,0.08000000000000007,2.33,-3.1515151515151496,-5.050505050505039,1.0748573290664254,1.3606091989851077,0.029999999999999805,0.08000000000000007,0,0,0,0,0
2025-07-30,4.33,3.94,4.38,15.48,121.4042,,0.44,5.5,8.0,5.25,4.25,2.0,-1.17,-3.67,-0.9199999999999999,0.08000000000000007,2.33,0.7156798959011113,-6.971153846153843,1.534251570422951,1.7606327381296527,0.06000000000000005,0.16000000000000014,0,0,0,0,0
2025-07-31,4.33,3.94,4.37,16.72,121.721,,0.43,5.5,8.0,5.25,4.25,2.0,-1.17,-3.67,-0.9199999999999999,0.08000000000000007,2.33,8.64197530864197,2.0757020757020683,1.8020112673794664,2.082218617859044,0.029999999999999805,0.06000000000000005,0,0,0,0,0
2025-08-01,4.33,3.69,4.23,20.38,121.2122,323.291,0.54,5.5,7.75,5.0,4.0,2.0,-1.17,-3.42,-0.6699999999999999,0.33000000000000007,2.33,36.503683858004024,16.590389016018303,1.022205146113242,1.655509727587301,-0.2200000000000002,,0,1,1,1,0
2025-08-04,4.33,3.69,4.22,17.52,120.9859,,0.53,5.5,7.75,5.0,4.0,2.0,-1.17,-3.42,-0.6699999999999999,0.33000000000000007,2.33,16.566866267465063,-1.5177065767284947,0.30759052156905664,1.1417813561433343,-0.2200000000000002,-0.20999999999999996,0,1,1,0,0
2025-08-05,4.33,3.72,4.22,17.85,120.9082,,0.5,5.5,7.75,5.0,4.0,2.0,-1.17,-3.42,-0.6699999999999999,0.33000000000000007,2.33,11.70212765957448,6.186793575252847,-0.048938805000353636,0.8937966623024041,-0.13999999999999968,-0.17999999999999972,0,1,1,0,0
2025-08-06,4.33,3.69,4.22,16.77,120.5082,,0.53,5.5,7.75,5.0,4.0,2.0,-1.17,-3.42,-0.6699999999999999,0.33000000000000007,2.33,8.333333333333325,5.20702634880803,-0.7380304799998738,0.6490377186879615,-0.25,-0.16999999999999993,0,1,1,0,0
2025-08-07,4.33,3.72,4.23,16.57,120.5043,,0.51,5.5,7.75,5.0,4.0,2.0,-1.17,-3.42,-0.6699999999999999,0.33000000000000007,2.33,-0.897129186602863,5.0063371356147135,-0.9995810090288493,0.5591053646577082,-0.21999999999999975,-0.13999999999999968,0,1,1,0,0
2025-08-08,4.33,3.76,4.27,15.15,120.3329,,0.51,5.5,7.75,5.0,4.0,2.0,-1.17,-3.42,-0.6699999999999999,0.33000000000000007,2.33,-25.662414131501464,-7.62195121951218,-0.7254220284756863,0.3431414242995645,0.06999999999999984,-0.14000000000000012,0,1,1,0,0
2025-08-11,4.33,3.76,4.27,16.25,120.6892,,0.51,5.5,7.75,5.0,4.0,2.0,-1.17,-3.42,-0.6699999999999999,0.33000000000000007,2.33,-7.2488584474885815,-5.523255813953487,-0.2452351885632975,0.38953293478920514,0.06999999999999984,-0.14000000000000012,0,1,1,0,0
2025-08-12,4.33,3.72,4.29,14.73,120.2736,,0.57,5.5,7.75,5.0,4.0,2.0,-1.17,-3.42,-0.6699999999999999,0.33000000000000007,2.33,-17.47899159663866,-15.24741081703106,-0.5248610102540519,-0.19658038096265207,0.0,-0.22999999999999998,0,1,1,0,0
2025-08-13,4.33,3.67,4.24,14.49,120.13,,0.57,5.5,7.75,5.0,4.0,2.0,-1.17,-3.42,-0.6699999999999999,0.33000000000000007,2.33,-13.595706618962433,-15.559440559440564,-0.3138375645806768,-0.23875267299189318,-0.020000000000000018,-0.20999999999999996,0,1,1,0,0
2025-08-14,4.33,3.74,4.29,14.83,120.6446,,0.55,5.5,7.75,5.0,4.0,2.0,-1.17,-3.42,-0.6699999999999999,0.33000000000000007,2.33,-10.50090525045263,-10.230024213075062,0.11642738059969293,0.005139325455227883,0.020000000000000018,-0.16999999999999993,0,1,1,0,0
2025-08-15,4.33,3.75,4.33,15.09,120.3377,,0.58,5.5,7.75,5.0,4.0,2.0,-1.17,-3.42,-0.6699999999999999,0.33000000000000007,2.33,-0.3960396039603964,-8.04387568555759,0.0039889340321730415,-0.015204892153275473,-0.009999999999999787,-0.1299999999999999,0,1,1,0,0
2025-08-18,4.33,3.77,4.34,14.99,120.5622,,0.57,5.5,7.75,5.0,4.0,2.0,-1.17,-3.42,-0.6699999999999999,0.33000000000000007,2.33,-7.753846153846156,-9.969969969969961,-0.10522896829210371,0.4717653323732973,0.010000000000000231,-0.08000000000000007,0,1,1,0,0
2025-08-19,4.33,3.75,4.3,15.57,120.7224,,0.55,5.5,7.75,5.0,4.0,2.0,-1.17,-3.42,-0.6699999999999999,0.33000000000000007,2.33,5.702647657841142,-5.636363636363639,0.37314921977888993,0.8701464727066011,0.029999999999999805,-0.08000000000000007,0,1,1,0,0
2025-08-20,4.33,3.74,4.29,15.69,120.7757,,0.55,5.5,7.75,5.0,4.0,2.0,-1.17,-3.42,-0.6699999999999999,0.33000000000000007,2.33,8.28157349896479,2.0819778789850307,0.5375010405394232,1.00861673149637,0.07000000000000028,-0.13999999999999968,0,1,1,0,0
2025-08-21,4.33,3.79,4.33,16.6,121.0843,,0.54,5.5,7.75,5.0,4.0,2.0,-1.17,-3.42,-0.6699999999999999,0.33000000000000007,2.33,11.935266351989227,7.862248213125422,0.3644589148623423,1.2695038070896114,0.04999999999999982,-0.1200000000000001,0,1,1,0,0
2025-08-22,4.33,3.68,4.26,14.22,120.2774,,0.58,5.5,7.75,5.0,4.0,2.0,-1.17,-3.42,-0.6699999999999999,0.33000000000000007,2.33,-5.765407554671964,-4.755525787006021,-0.050108984964813974,0.24311230421625307,-0.06999999999999984,-0.22999999999999998,0,1,1,0,0
2025-08-25,4.33,3.73,4.28,14.79,120.4214,,0.55,5.5,7.75,5.0,4.0,2.0,-1.17,-3.42,-0.6699999999999999,0.33000000000000007,2.33,-1.334222815210151,-1.5968063872255467,-0.1167861900330247,-0.1604279404949116,-0.040000000000000036,-0.18000000000000016,0,1,1,0,0
2025-08-26,4.33,3.61,4.26,14.62,120.5274,,0.65,5.5,7.75,5.0,4.0,2.0,-1.17,-3.42,-0.6699999999999999,0.33000000000000007,2.33,-6.101477199743099,-8.510638297872353,-0.16152760382497355,-0.36373436148913196,-0.14000000000000012,-0.25,0,1,1,0,0
2025-08-27,4.33,3.59,4.24,14.85,120.7274,,0.65,5.5,7.75,5.0,4.0,2.0,-1.17,-3.42,-0.6699999999999999,0.33000000000000007,2.33,-5.3537284894837445,-4.069767441860472,-0.03999148835402977,-0.5574765947141902,-0.15000000000000036,-0.3500000000000001,0,1,1,0,0
2025-08-28,4.33,3.62,4.22,14.43,120.2595,,0.6,5.5,7.75,5.0,4.0,2.0,-1.17,-3.42,-0.6699999999999999,0.33000000000000007,2.33,-13.072289156626516,-13.696172248803828,-0.6811783195674437,-1.2006966751834103,-0.16999999999999993,-0.31999999999999984,0,1,1,0,0
2025-08-29,4.33,3.59,4.23,15.36,120.2082,,0.64,5.5,7.75,5.0,4.0,2.0,-1.17,-3.42,-0.6699999999999999,0.33000000000000007,2.33,8.016877637130793,-24.63199214916585,-0.05753366800412829,-0.8282994616053418,-0.0900000000000003,-0.10000000000000009,0,1,1,0,0
2025-09-01,4.33,,,16.12,,324.245,,5.5,7.5,5.0,4.0,2.0,-1.17,-3.17,-0.6699999999999999,0.33000000000000007,2.33,8.992562542258288,-7.990867579908667,-0.1770449438388888,-0.6428021777744264,,,0,1,1,0,0
2025-09-02,4.33,3.66,4.28,17.17,120.6837,,0.62,5.5,7.5,5.0,4.0,2.0,-1.17,-3.17,-0.6699999999999999,0.33000000000000007,2.33,17.44186046511629,-3.809523809523807,0.1296800561532141,-0.18567805988344288,0.050000000000000266,-0.06000000000000005,0,1,1,0,0
2025-09-03,4.33,3.61,4.22,16.35,120.5052,,0.61,5.5,7.5,5.0,4.0,2.0,-1.17,-3.17,-0.6699999999999999,0.33000000000000007,2.33,10.101010101010122,-2.5044722719141266,-0.18405101078959873,-0.0024894571489686435,0.020000000000000018,-0.08000000000000007,0,1,1,0,0
2025-09-04,4.33,3.59,4.17,15.3,120.7629,,0.58,5.5,7.5,5.0,4.0,2.0,-1.17,-3.17,-0.6699999999999999,0.33000000000000007,2.33,6.029106029106046,-7.664453832226914,0.4185947887692887,0.21459815126929627,-0.03000000000000025,-0.13000000000000034,0,1,1,0,0
2025-09-05,4.33,3.51,4.1,15.18,120.1282,,0.59,5.5,7.5,5.0,4.0,2.0,-1.17,-3.17,-0.6699999999999999,0.33000000000000007,2.33,-1.171875,0.1980198019801982,-0.06655120033408624,-0.1701114159136763,-0.08000000000000007,-0.25,0,1,1,0,0
2025-09-08,4.33,3.49,4.05,15.11,120.0971,,0.56,5.5,7.5,5.0,4.0,2.0,-1.17,-3.17,-0.6699999999999999,0.33000000000000007,2.33,-6.26550868486353,-7.015384615384623,-0.0924229794639686,-0.49059899311620914,,-0.2699999999999996,0,1,1,0,0
2025-09-09,4.33,3.54,4.08,15.04,120.1569,,0.54,5.5,7.5,5.0,4.0,2.0,-1.17,-3.17,-0.6699999999999999,0.33000000000000007,2.33,-12.405358182877125,2.104548540393747,-0.4365129673684298,-0.09702877439439206,-0.1200000000000001,-0.18000000000000016,0,1,1,0,0
2025-09-10,4.33,3.54,4.04,15.35,120.1223,,0.5,5.5,7.5,5.0,4.0,2.0,-1.17,-3.17,-0.6699999999999999,0.33000000000000007,2.33,-6.1162079510703515,5.9351276742581005,-0.3177456242552279,-0.006409722800304607,-0.06999999999999984,-0.1299999999999999,0,1,1,0,0
2025-09-11,4.33,3.52,4.01,14.71,119.9534,,0.49,5.5,7.5,5.0,4.0,2.0,-1.17,-3.17,-0.6699999999999999,0.33000000000000007,2.33,-3.856209150326795,-0.8091706001348564,-0.6703217627267999,-0.5729224515643394,-0.06999999999999984,-0.2200000000000002,0,1,1,0,0
2025-09-12,4.33,3.56,4.06,14.76,120.0611,,0.5,5.5,7.5,5.0,4.0,2.0,-1.17,-3.17,-0.6699999999999999,0.33000000000000007,2.33,-2.766798418972327,-2.1868787276342005,-0.0558569927793906,-0.22985315491321767,0.050000000000000266,-0.18999999999999995,0,1,0,0,0
2025-09-15,4.33,3.54,4.05,15.69,119.5644,,0.51,5.5,7.5,5.0,4.0,2.0,-1.17,-3.17,-0.6699999999999999,0.33000000000000007,2.33,3.8385175380542647,4.6697798532354895,-0.44355775451696555,-0.8276225881744037,0.04999999999999982,-0.22999999999999998,0,1,0,0,0
2025-09-16,4.33,3.51,4.04,16.36,119.1348,,0.53,5.5,7.5,5.0,4.0,2.0,-1.17,-3.17,-0.6699999999999999,0.33000000000000007,2.33,8.77659574468086,5.073859987154772,-0.8506377910881491,-1.315083199141165,-0.03000000000000025,-0.2400000000000002,0,1,0,0,0
2025-09-17,4.33,3.52,4.06,15.72,119.1582,,0.54,5.5,7.5,5.0,4.0,2.0,-1.17,-3.17,-0.6699999999999999,0.33000000000000007,2.33,2.4104234527687396,0.19120458891013214,-0.8025986848403721,-1.3392594702411276,-0.020000000000000018,-0.2200000000000002,0,1,0,0,0
2025-09-18,4.08,3.57,4.11,15.7,119.6616,,0.54,5.5,7.5,5.0,4.0,2.0,-1.42,-3.42,-0.9199999999999999,0.08000000000000007,2.08,6.7301155676410485,-5.421686746987964,-0.24326113307333586,-1.1749665315817115,0.04999999999999982,-0.2200000000000002,0,1,0,0,0
2025-09-19,4.08,3.57,4.14,15.45,119.7858,,0.57,5.5,7.5,5.0,4.0,2.0,-1.42,-3.42,-0.9199999999999999,0.08000000000000007,2.08,4.674796747967469,8.64978902953586,-0.2292999147933905,-0.4087218380177893,0.009999999999999787,-0.11000000000000032,0,1,0,0,0
2025-09-22,4.09,3.61,4.15,16.1,119.8152,,0.54,5.5,7.5,5.0,4.0,2.0,-1.4100000000000001,-3.41,-0.9100000000000001,0.08999999999999986,2.09,2.6131293817718504,8.857336037863428,0.2097614340054399,-0.5033988975381432,0.06999999999999984,-0.1200000000000001,0,1,0,0,0
2025-09-23,4.09,3.53,4.12,16.64,119.6202,,0.59,5.5,7.5,5.0,4.0,2.0,-1.4100000000000001,-3.41,-0.9100000000000001,0.08999999999999986,2.09,1.7114914425427896,13.816689466484288,0.4074376252782619,-0.7526919190159242,0.020000000000000018,-0.08000000000000007,0,1,0,0,0
2025-09-24,4.09,3.57,4.16,16.18,120.1707,,0.59,5.5,7.5,5.0,4.0,2.0,-1.4100000000000001,-3.41,-0.9100000000000001,0.08999999999999986,2.09,2.9262086513994756,8.956228956228962,0.849710720705743,-0.4611215018297421,0.04999999999999982,-0.020000000000000018,0,1,0,0,0
2025-09-25,4.09,3.64,4.18,16.74,120.5419,,0.54,5.5,7.5,5.0,4.0,2.0,-1.4100000000000001,-3.41,-0.9100000000000001,0.08999999999999986,2.09,6.6242038216560495,16.008316008316005,0.7356578885791221,0.23482552313953686,0.07000000000000028,0.020000000000000018,0,1,0,0,0
2025-09-26,4.09,3.63,4.2,15.29,120.4349,,0.57,5.5,7.5,5.0,4.0,2.0,-1.4100000000000001,-3.41,-0.9100000000000001,0.08999999999999986,2.09,-1.035598705501617,-0.45572916666667407,0.541883929480802,0.18858946394670895,0.06000000000000005,0.040000000000000036,0,1,0,0,0
2025-09-29,4.09,3.63,4.15,16.12,120.115,,0.52,5.5,7.5,5.0,4.0,2.0,-1.4100000000000001,-3.41,-0.9100000000000001,0.08999999999999986,2.09,0.1242236024844745,0.0,0.250218670085256,-0.0775321483892144,0.020000000000000018,,0,1,0,0,0
2025-09-30,4.09,3.6,4.16,16.28,120.1368,,0.56,5.5,7.5,5.0,4.0,2.0,-1.4100000000000001,-3.41,-0.9100000000000001,0.08999999999999986,2.09,-2.1634615384615308,-5.183459522422829,0.4318668586074992,-0.45316807489330646,0.07000000000000028,-0.06000000000000005,0,1,0,0,0
2025-10-01,4.09,3.55,4.12,16.29,120.1502,,0.57,5.5,7.5,4.75,4.0,2.0,-1.4100000000000001,-3.41,-0.6600000000000001,0.08999999999999986,2.09,0.6798516687268163,-0.3669724770642313,-0.017059066810798384,-0.29459309639749964,-0.020000000000000018,-0.06000000000000005,0,1,0,0,0
2025-10-02,4.09,3.55,4.1,16.63,120.4296,,0.55,5.5,7.5,4.75,4.0,2.0,-1.4100000000000001,-3.41,-0.6600000000000001,0.08999999999999986,2.09,-0.6571087216248439,8.69281045751633,-0.09316262643943585,-0.2759953595019682,-0.0900000000000003,-0.040000000000000036,0,1,0,0,0
2025-10-03,4.09,3.58,4.13,16.65,120.0881,,0.55,5.5,7.5,4.75,4.0,2.0,-1.4100000000000001,-3.41,-0.6600000000000001,0.08999999999999986,2.09,8.894702419882282,9.68379446640315,-0.28795639802083883,-0.033381004626731325,-0.04999999999999982,0.07000000000000028,0,1,0,0,0
2025-10-06,4.09,3.6,4.18,16.37,120.2722,,0.58,5.5,7.5,4.75,4.0,2.0,-1.4100000000000001,-3.41,-0.6600000000000001,0.08999999999999986,2.09,1.5508684863523525,8.3388484447386,0.1308745785289167,0.14579869122568478,-0.029999999999999805,0.10999999999999988,0,1,0,0,0
2025-10-07,4.09,3.57,4.14,17.24,120.4884,,0.57,5.5,7.5,4.75,4.0,2.0,-1.4100000000000001,-3.41,-0.6600000000000001,0.08999999999999986,2.09,5.896805896805879,14.627659574468076,0.2926663603492141,0.27588927477324443,-0.03000000000000025,0.029999999999999805,0,1,0,0,0
2025-10-08,4.1,3.58,4.13,16.3,120.7766,,0.55,5.5,7.5,4.75,4.0,2.0,-1.4000000000000004,-3.4000000000000004,-0.6500000000000004,0.09999999999999964,2.0999999999999996,0.06138735420504471,6.1889250814332275,0.521347446779119,0.5446948651499417,0.03000000000000025,0.040000000000000036,0,1,0,0,0
2025-10-09,4.1,3.6,4.14,16.43,121.0902,,0.54,5.5,7.5,4.75,4.0,2.0,-1.4000000000000004,-3.4000000000000004,-0.6500000000000004,0.09999999999999964,2.0999999999999996,-1.20264582080577,11.692726036709722,0.5485362402598781,0.947701357360442,0.050000000000000266,0.08000000000000007,0,1,0,0,0
2025-10-10,4.1,3.52,4.05,21.66,121.1163,,0.53,5.5,7.5,4.75,4.0,2.0,-1.4000000000000004,-3.4000000000000004,-0.6500000000000004,0.09999999999999964,2.0999999999999996,30.090090090090094,46.7479674796748,0.8562047363560588,0.8788858339628725,-0.06000000000000005,-0.040000000000000036,0,1,0,1,0
2025-10-13,4.1,,,19.03,,,,5.5,7.5,4.75,4.0,2.0,-1.4000000000000004,-3.4000000000000004,-0.6500000000000004,0.09999999999999964,2.0999999999999996,16.249236408063528,21.28744423199491,0.701824694318387,1.297961600610198,,,0,0,0,0,0
2025-10-14,4.1,3.48,4.03,20.81,121.1822,,0.55,5.5,7.5,4.75,4.0,2.0,-1.4000000000000004,-3.4000000000000004,-0.6500000000000004,0.09999999999999964,2.0999999999999996,20.707656612529,27.200488997555006,0.575823066784853,1.7185574659964953,-0.08999999999999986,-0.029999999999999805,0,0,0,1,0
2025-10-15,4.1,3.5,4.05,20.64,120.8642,,0.55,5.5,7.5,4.75,4.0,2.0,-1.4000000000000004,-3.4000000000000004,-0.6500000000000004,0.09999999999999964,2.0999999999999996,26.625766871165645,31.29770992366412,0.07253060609422324,1.4317101131101406,-0.08000000000000007,-0.020000000000000018,0,0,0,1,0
2025-10-16,4.11,3.41,3.99,25.31,120.6698,,0.58,5.5,7.5,4.75,4.0,2.0,-1.3899999999999997,-3.3899999999999997,-0.6399999999999997,0.11000000000000032,2.1100000000000003,54.047474132684115,61.210191082802545,-0.34717921020859244,0.8425426369027322,-0.18999999999999995,-0.1599999999999997,0,0,0,1,0
2025-10-17,4.11,3.46,4.02,20.78,120.7028,,0.56,5.5,7.5,4.75,4.0,2.0,-1.3899999999999997,-3.3899999999999997,-0.6399999999999997,0.11000000000000032,2.1100000000000003,-4.062788550323171,34.49838187702268,-0.34140739107783036,0.7655331433275014,-0.06000000000000005,-0.10999999999999988,0,0,0,1,0
2025-10-20,4.11,3.46,4.0,18.23,120.6209,,0.54,5.5,7.5,4.75,4.0,2.0,-1.3899999999999997,-3.3899999999999997,-0.6399999999999997,0.11000000000000032,2.1100000000000003,-4.203888596952188,13.229813664596257,-0.4090283471341105,0.6724522431210689,,-0.1499999999999999,0,0,0,0,0
2025-10-21,4.11,3.45,3.98,17.87,120.8895,,0.53,5.5,7.5,4.75,4.0,2.0,-1.3899999999999997,-3.3899999999999997,-0.6399999999999997,0.11000000000000032,2.1100000000000003,-14.127823161941366,7.391826923076916,-0.24153712343891742,1.0611084081116662,-0.029999999999999805,-0.07999999999999963,0,0,0,0,0
2025-10-22,4.11,3.45,3.97,18.6,120.8958,,0.52,5.5,7.5,4.75,4.0,2.0,-1.3899999999999997,-3.3899999999999997,-0.6399999999999997,0.11000000000000032,2.1100000000000003,-9.883720930232553,14.956736711990114,0.026145045431147373,0.6033916753418245,-0.04999999999999982,-0.11999999999999966,0,0,0,0,0
2025-10-23,4.11,3.48,4.01,17.3,120.9531,,0.53,5.5,7.5,4.75,4.0,2.0,-1.3899999999999997,-3.3899999999999997,-0.6399999999999997,0.11000000000000032,2.1100000000000003,-31.64757013038324,3.3452807646356275,0.23477290921176674,0.34112619761261787,0.06999999999999984,-0.16000000000000014,0,0,0,0,0
2025-10-24,4.11,3.48,4.02,16.37,120.9345,,0.54,5.5,7.5,4.75,4.0,2.0,-1.3899999999999997,-3.3899999999999997,-0.6399999999999997,0.11000000000000032,2.1100000000000003,-21.222329162656393,7.063440156965339,0.19195909291251922,0.414829920562898,0.020000000000000018,-0.1499999999999999,0,0,0,0,0
2025-10-27,4.12,3.48,4.01,15.79,120.7988,,0.53,5.5,7.5,4.75,4.0,2.0,-1.38,-3.38,-0.6299999999999999,0.1200000000000001,2.12,-13.384530992868903,-2.0471464019851227,0.14748687831047658,0.5692877658910245,0.020000000000000018,-0.1499999999999999,0,0,0,0,0
2025-10-28,4.12,3.47,3.99,16.42,120.6361,,0.52,5.5,7.5,4.75,4.0,2.0,-1.38,-3.38,-0.6299999999999999,0.1200000000000001,2.12,-8.114157806379406,0.8599508599508532,-0.20961291096414092,0.4156095384594938,0.020000000000000018,-0.1299999999999999,0,0,0,0,0
2025-10-29,4.12,3.59,4.08,16.92,120.5312,,0.49,5.5,7.5,4.75,4.0,2.0,-1.38,-3.38,-0.6299999999999999,0.1200000000000001,2.12,-9.03225806451613,3.8674033149171505,-0.30158202352769115,0.31710309262906744,0.13999999999999968,0.040000000000000036,0,0,0,0,0
2025-10-30,3.87,3.61,4.11,16.91,121.2832,,0.5,5.5,7.5,4.75,4.0,2.0,-1.63,-3.63,-0.8799999999999999,-0.1299999999999999,1.87,-2.254335260115614,1.6837041491280846,0.27291570038303625,0.7087958442110631,0.1299999999999999,0.06000000000000005,0,0,0,0,0
2025-10-31,3.86,3.6,4.11,17.44,121.3859,,0.51,5.5,7.5,4.75,4.0,2.0,-1.6400000000000001,-3.64,-0.8900000000000001,-0.14000000000000012,1.8599999999999999,6.536346976175933,4.7447447447447555,0.3732599051552654,1.0807065812516115,0.1200000000000001,0.020000000000000018,0,0,0,0,0
2025-11-03,3.87,3.6,4.13,17.17,121.4512,,0.53,5.5,7.25,4.75,4.0,2.0,-1.63,-3.38,-0.8799999999999999,-0.1299999999999999,1.87,8.739708676377479,4.88698839340258,0.5400715901151321,0.9802764063515879,0.1200000000000001,0.0,0,1,0,0,0
2025-11-04,3.87,3.58,4.1,19.0,121.8271,,0.52,5.5,7.25,4.75,4.0,2.0,-1.63,-3.38,-0.8799999999999999,-0.1299999999999999,1.87,15.712545676004863,10.208816705336442,0.9872666639588079,1.1110613137862213,0.10999999999999988,0.010000000000000231,0,1,0,0,0
2025-11-05,3.87,3.63,4.17,18.01,121.8482,,0.54,5.5,7.25,4.75,4.0,2.0,-1.63,-3.38,-0.8799999999999999,-0.1299999999999999,1.87,6.442080378250581,10.490797546012276,1.0926631444804435,0.8872579622211552,0.040000000000000036,0.04999999999999982,0,1,0,0,0
2025-11-06,3.87,3.57,4.11,19.5,121.6948,,0.54,5.5,7.25,4.75,4.0,2.0,-1.63,-3.38,-0.8799999999999999,-0.1299999999999999,1.87,15.316380839739807,18.685331710286057,0.33937099284979677,0.49929721810684224,-0.040000000000000036,-0.03000000000000025,0,1,0,0,0
2025-11-07,3.87,3.55,4.11,19.08,121.388,,0.56,5.5,7.25,4.75,4.0,2.0,-1.63,-3.38,-0.8799999999999999,-0.1299999999999999,1.87,9.403669724770625,-11.91135734072023,0.0017300197139746842,0.2243298383454606,-0.050000000000000266,0.029999999999999805,0,1,0,0,0
2025-11-10,3.87,3.58,4.13,17.6,121.2984,,0.55,5.5,7.25,4.75,4.0,2.0,-1.63,-3.38,-0.8799999999999999,-0.1299999999999999,1.87,2.5043680838672033,-7.514450867052025,-0.1258118487096005,0.15035135650609543,-0.020000000000000018,,0,1,0,0,0
2025-11-11,3.87,,,17.28,,,,5.5,7.25,4.75,4.0,2.0,-1.63,-3.38,-0.8799999999999999,-0.1299999999999999,1.87,-9.052631578947368,-16.96299855838538,-0.4339756917795756,0.0958886701182271,,,0,1,0,0,0
2025-11-12,3.87,3.56,4.08,17.51,121.0458,,0.52,5.5,7.25,4.75,4.0,2.0,-1.63,-3.38,-0.8799999999999999,-0.1299999999999999,1.87,-2.7762354247640175,-15.164728682170537,-0.6585242949834313,0.1502512737435957,-0.06999999999999984,0.06000000000000005,0,1,0,0,0
2025-11-13,3.88,3.58,4.11,20.0,120.7725,,0.53,5.5,7.25,4.75,4.0,2.0,-1.62,-3.37,-0.8700000000000001,-0.1200000000000001,1.88,2.564102564102555,-20.979849861714726,-0.7578795478525024,0.08510828724337394,0.010000000000000231,0.16999999999999993,0,1,0,0,0
2025-11-14,3.88,3.62,4.14,19.83,120.9666,,0.52,5.5,7.25,4.75,4.0,2.0,-1.62,-3.37,-0.8700000000000001,-0.1200000000000001,1.88,3.9308176100628867,-4.571703561116469,-0.34715128348766777,0.21855333927631726,0.07000000000000028,0.16000000000000014,0,1,0,0,0
2025-11-17,3.88,3.6,4.13,22.38,121.1146,,0.53,5.5,7.25,4.75,4.0,2.0,-1.62,-3.37,-0.8700000000000001,-0.1200000000000001,1.88,27.1590909090909,22.76467361492045,-0.151527142979635,0.4092988860139313,0.020000000000000018,0.14000000000000012,0,1,0,1,0
2025-11-18,3.88,3.58,4.12,24.69,121.2127,,0.54,5.5,7.25,4.75,4.0,2.0,-1.62,-3.37,-0.8700000000000001,-0.1200000000000001,1.88,42.88194444444444,38.164521544487975,-0.07065220975709385,0.26735158967485795,,0.1299999999999999,0,1,0,1,0
2025-11-19,3.88,3.58,4.13,23.66,121.4978,,0.55,5.5,7.25,4.75,4.0,2.0,-1.62,-3.37,-0.8700000000000001,-0.1200000000000001,1.88,35.122786978869215,27.20430107526881,0.37341237779418,0.4979494738444279,0.020000000000000018,0.1299999999999999,0,1,0,1,0
2025-11-20,3.88,3.55,4.1,26.42,121.6889,,0.55,5.5,7.25,4.75,4.0,2.0,-1.62,-3.37,-0.8700000000000001,-0.1200000000000001,1.88,32.100000000000016,52.716763005780344,0.7587820074934415,0.6083349661976323,-0.03000000000000025,0.06999999999999984,0,1,0,1,0
2025-11-21,3.88,3.51,4.06,23.43,121.8653,,0.55,5.5,7.25,4.75,4.0,2.0,-1.62,-3.37,-0.8700000000000001,-0.1200000000000001,1.88,18.15431164901664,43.12767257177763,0.7429323466146887,0.7696728394296137,-0.11000000000000032,0.029999999999999805,0,1,0,1,0
2025-11-24,3.88,3.46,4.04,20.52,121.9171,,0.58,5.5,7.25,4.75,4.0,2.0,-1.62,-3.37,-0.8700000000000001,-0.1200000000000001,1.88,-8.310991957104552,29.955668144395187,0.6625955912829662,0.9257542293466425,-0.14000000000000012,-0.020000000000000018,0,1,0,1,0
2025-11-25,3.88,3.43,4.01,18.56,121.6335,,0.58,5.5,7.25,4.75,4.0,2.0,-1.62,-3.37,-0.8700000000000001,-0.1200000000000001,1.88,-24.8278655326043,13.032886723507907,0.3471583423189095,0.8267840223614709,-0.1499999999999999,-0.040000000000000036,0,1,0,0,0
2025-11-26,3.88,3.45,4.0,17.19,121.2437,,0.55,5.5,7.25,4.75,4.0,2.0,-1.62,-3.37,-0.8700000000000001,-0.1200000000000001,1.88,-27.345731191885037,1.5957446808510634,-0.20913958935881993,0.5911332501460143,-0.1299999999999999,-0.13999999999999968,0,1,0,0,0
2025-11-27,3.88,,,17.21,,,,5.5,7.25,4.75,4.0,2.0,-1.62,-3.37,-0.8700000000000001,-0.1200000000000001,1.88,-34.85995457986374,1.7740981667652367,-0.36585095271630674,-0.03256840188912147,,,0,1,0,0,0
2025-11-28,3.89,3.47,4.02,16.35,121.0527,,0.55,5.5,7.25,4.75,4.0,2.0,-1.6099999999999999,-3.36,-0.8599999999999999,-0.10999999999999988,1.8900000000000001,-30.21766965428937,-6.25,-0.6668017885320898,-0.2744964612858669,-0.03999999999999959,-0.1299999999999999,0,1,0,0,0
2025-12-01,3.89,3.54,4.09,17.24,120.9862,326.031,0.55,5.25,7.0,4.5,3.75,2.0,-1.3599999999999999,-3.11,-0.6099999999999999,0.14000000000000012,1.8900000000000001,-15.984405458089679,0.4076878276062734,-0.7635516264740572,-0.3828698275521347,0.08000000000000007,-0.06000000000000005,1,1,1,0,0
2025-12-02,3.89,3.51,4.09,16.59,121.1467,,0.58,5.25,7.0,4.5,3.75,2.0,-1.3599999999999999,-3.11,-0.6099999999999999,0.14000000000000012,1.8900000000000001,-10.614224137931028,-12.684210526315788,-0.4002186897524185,-0.5584964264929604,0.07999999999999963,-0.07000000000000028,1,1,1,0,0
2025-12-03,3.89,3.49,4.06,16.08,120.7336,,0.57,5.25,7.0,4.5,3.75,2.0,-1.3599999999999999,-3.11,-0.6099999999999999,0.14000000000000012,1.8900000000000001,-6.457242582897049,-10.716268739589129,-0.4207228911687899,-0.914744739766371,0.040000000000000036,-0.13999999999999968,1,1,1,0,0
2025-12-04,3.89,3.52,4.11,15.78,120.6766,,0.59,5.25,7.0,4.5,3.75,2.0,-1.3599999999999999,-3.11,-0.6099999999999999,0.14000000000000012,1.8900000000000001,-8.30912260313772,-19.07692307692308,-0.467735643171574,-0.836683243655445,,-0.04999999999999982,1,1,1,0,0
2025-12-05,3.89,3.56,4.14,15.41,120.6863,,0.58,5.25,7.0,4.5,3.75,2.0,-1.3599999999999999,-3.11,-0.6099999999999999,0.14000000000000012,1.8900000000000001,-5.74923547400612,-19.23480083857442,-0.30267808979064226,-0.5780637295284552,0.08999999999999986,0.010000000000000231,1,1,1,0,0
2025-12-08,3.89,3.57,4.17,16.66,120.776,,0.6,5.25,7.0,4.5,3.75,2.0,-1.3599999999999999,-3.11,-0.6099999999999999,0.14000000000000012,1.8900000000000001,-3.3642691415313175,-5.340909090909096,-0.17373882310544042,-0.43067344664068363,0.029999999999999805,-0.010000000000000231,1,1,1,0,0
2025-12-09,3.89,3.61,4.18,16.93,120.6832,,0.57,5.25,7.0,4.5,3.75,2.0,-1.3599999999999999,-3.11,-0.6099999999999999,0.14000000000000012,1.8900000000000001,2.049427365883072,-2.025462962962976,-0.3825939955442448,-0.5071789899949275,0.10000000000000009,,1,1,1,0,0
2025-12-10,3.89,3.54,4.13,15.77,120.6752,,0.59,5.25,7.0,4.5,3.75,2.0,-1.3599999999999999,-3.11,-0.6099999999999999,0.14000000000000012,1.8900000000000001,-1.9278606965174028,-9.937178754997156,-0.048370958871424286,-0.306165104448064,0.04999999999999982,-0.020000000000000018,1,1,1,0,0
2025-12-11,3.64,3.52,4.14,14.85,119.98,,0.62,5.25,7.0,4.5,3.75,2.0,-1.6099999999999999,-3.36,-0.8599999999999999,-0.10999999999999988,1.6400000000000001,-5.893536121673004,-25.750000000000007,-0.5772452985914334,-0.6561924279119724,0.0,-0.06000000000000005,1,1,1,0,0
2025-12-12,3.64,3.52,4.19,15.74,120.1442,,0.67,5.25,7.0,4.5,3.75,2.0,-1.6099999999999999,-3.36,-0.8599999999999999,-0.10999999999999988,1.6400000000000001,2.141466580142759,-20.625315179021676,-0.4491810586620071,-0.6798570845175433,-0.040000000000000036,-0.10000000000000009,1,1,1,0,0
2025-12-15,3.64,3.51,4.18,16.5,119.9561,,0.67,5.25,7.0,4.5,3.75,2.0,-1.6099999999999999,-3.36,-0.8599999999999999,-0.10999999999999988,1.6400000000000001,-0.9603841536614643,-26.27345844504021,-0.6788600384182164,-0.9565320778832542,-0.06000000000000005,-0.0900000000000003,1,1,1,0,0
2025-12-16,3.64,3.48,4.15,16.48,119.8902,,0.67,5.25,7.0,4.5,3.75,2.0,-1.6099999999999999,-3.36,-0.8599999999999999,-0.10999999999999988,1.6400000000000001,-2.6580035440047167,-33.2523288780883,-0.6570922879075236,-1.091057290201447,-0.1299999999999999,-0.10000000000000009,1,1,1,0,0
2025-12-17,3.64,3.49,4.16,17.62,120.155,,0.67,5.25,7.0,4.5,3.75,2.0,-1.6099999999999999,-3.36,-0.8599999999999999,-0.10999999999999988,1.6400000000000001,11.731135066582121,-25.52831783601014,-0.43107448755005384,-1.1052051971311427,-0.04999999999999982,-0.08999999999999986,1,1,1,0,0
2025-12-18,3.64,3.46,4.12,16.87,120.0528,,0.66,5.25,7.0,4.5,3.75,2.0,-1.6099999999999999,-3.36,-0.8599999999999999,-0.10999999999999988,1.6400000000000001,13.602693602693616,-36.14685844057532,0.06067677946324235,-1.344494033556054,-0.06000000000000005,-0.08999999999999986,1,1,1,0,0
2025-12-19,3.64,3.48,4.16,14.91,120.1652,,0.68,5.25,7.0,4.5,3.75,2.0,-1.6099999999999999,-3.36,-0.8599999999999999,-0.10999999999999988,1.6400000000000001,-5.273189326556549,-36.36363636363637,0.017478996073050368,-1.3950648790098663,-0.040000000000000036,-0.029999999999999805,1,1,1,0,0
2025-12-22,3.64,3.44,4.17,14.08,119.9912,,0.73,5.25,7.0,4.5,3.75,2.0,-1.6099999999999999,-3.36,-0.8599999999999999,-0.10999999999999988,1.6400000000000001,-14.66666666666666,-31.384015594541903,0.029260704541078653,-1.5796799628600033,-0.06999999999999984,-0.020000000000000018,1,1,1,0,0
2025-12-23,3.64,3.48,4.18,14.0,119.7057,,0.7,5.25,7.0,4.5,3.75,2.0,-1.6099999999999999,-3.36,-0.8599999999999999,-0.10999999999999988,1.6400000000000001,-15.048543689320393,-24.56896551724137,-0.1538908100912284,-1.5849252056382546,0.0,0.04999999999999982,1,1,1,0,0
2025-12-24,3.64,3.47,4.15,13.47,119.4372,,0.68,5.25,7.0,4.5,3.75,2.0,-1.6099999999999999,-3.36,-0.8599999999999999,-0.10999999999999988,1.6400000000000001,-23.5527809307605,-21.640488656195465,-0.5973950314177467,-1.489974324439125,-0.020000000000000018,0.020000000000000018,1,1,1,0,0
2025-12-29,3.64,3.45,4.12,14.2,119.5899,,0.67,5.25,7.0,4.5,3.75,2.0,-1.6099999999999999,-3.36,-0.8599999999999999,-0.10999999999999988,1.6400000000000001,-15.826911677534095,-17.489831493317844,-0.3855803446483619,-1.3640296361790427,-0.009999999999999787,,1,1,1,0,0
2025-12-30,3.64,3.45,4.14,14.33,119.4939,,0.69,5.25,7.0,4.5,3.75,2.0,-1.6099999999999999,-3.36,-0.8599999999999999,-0.10999999999999988,1.6400000000000001,-3.8900067069081112,-12.354740061162083,-0.558647595144024,-1.2877036199936076,-0.029999999999999805,-0.020000000000000018,1,1,1,0,0
2025-12-31,3.64,3.47,4.18,14.95,119.7456,,0.71,5.25,7.0,4.5,3.75,2.0,-1.6099999999999999,-3.36,-0.8599999999999999,-0.10999999999999988,1.6400000000000001,6.178977272727271,-13.2830626450116,-0.2046816766562931,-1.0254062033521194,0.03000000000000025,-0.06999999999999984,1,1,1,0,0
2026-01-02,3.64,3.47,4.19,14.51,119.6059,,0.72,5.25,7.0,4.5,3.75,2.0,-1.6099999999999999,-3.36,-0.8599999999999999,-0.10999999999999988,1.6400000000000001,3.6428571428571477,-12.537673297166974,-0.08337113437371091,-1.2718464473237767,-0.009999999999999787,-0.03999999999999959,1,1,1,0,0
2026-01-05,3.64,3.46,4.17,14.9,119.6192,,0.71,5.25,7.0,4.5,3.75,2.0,-1.6099999999999999,-3.36,-0.8599999999999999,-0.10999999999999988,1.6400000000000001,10.616184112843353,-7.338308457711429,0.15238133512842644,-0.9230239138069196,-0.010000000000000231,-0.03000000000000025,1,1,1,0,0
2026-01-06,3.64,3.47,4.18,14.75,119.7807,,0.71,5.25,7.0,4.5,3.75,2.0,-1.6099999999999999,-3.36,-0.8599999999999999,-0.10999999999999988,1.6400000000000001,3.8732394366197243,-6.527249683143211,0.15954524587777907,-0.7423974490497698,0.020000000000000018,-0.04999999999999982,1,1,1,0,0
2026-01-07,3.64,3.47,4.15,15.38,119.8719,,0.68,5.25,7.0,4.5,3.75,2.0,-1.6099999999999999,-3.36,-0.8599999999999999,-0.10999999999999988,1.6400000000000001,7.327285415212836,-0.194678780012969,0.31633413923222164,-0.6748073310723801,0.020000000000000018,-0.08999999999999986,1,1,1,0,0
2026-01-08,3.64,3.49,4.19,15.45,120.0904,,0.7,5.25,7.0,4.5,3.75,2.0,-1.6099999999999999,-3.36,-0.8599999999999999,-0.10999999999999988,1.6400000000000001,3.3444816053511683,-7.2629051620648255,0.28794377413450256,-0.5676624494932669,0.020000000000000018,-0.07999999999999963,1,1,1,0,0
2026-01-09,3.64,3.54,4.18,14.49,120.2215,,0.64,5.25,7.0,4.5,3.75,2.0,-1.6099999999999999,-3.36,-0.8599999999999999,-0.10999999999999988,1.6400000000000001,-0.1378359751895264,-14.412285883047836,0.5146903288215654,-0.3825718907022657,0.06999999999999984,-0.06999999999999984,1,1,1,0,0
2026-01-12,3.64,3.54,4.19,15.12,119.9958,,0.65,5.25,7.0,4.5,3.75,2.0,-1.6099999999999999,-3.36,-0.8599999999999999,-0.10999999999999988,1.6400000000000001,1.4765100671140896,-4.121750158528858,0.3148324014873749,-0.562998859749142,0.08000000000000007,0.0,1,1,1,0,0
2026-01-13,3.64,3.53,4.18,15.98,120.1401,,0.65,5.25,7.0,4.5,3.75,2.0,-1.6099999999999999,-3.36,-0.8599999999999999,-0.10999999999999988,1.6400000000000001,8.33898305084746,7.609427609427621,0.30004833833832123,0.1334389064844066,0.05999999999999961,0.009999999999999787,1,1,1,0,0
2026-01-14,3.64,3.51,4.15,16.75,119.9537,,0.64,5.25,7.0,4.5,3.75,2.0,-1.6099999999999999,-3.36,-0.8599999999999999,-0.10999999999999988,1.6400000000000001,8.907672301690495,6.416772554002548,0.06823951234609105,-0.15855946437697277,0.03999999999999959,-0.010000000000000231,1,1,1,0,0
2026-01-15,3.64,3.56,4.17,15.84,119.9951,,0.61,5.25,7.0,4.5,3.75,2.0,-1.6099999999999999,-3.36,-0.8599999999999999,-0.10999999999999988,1.6400000000000001,2.5242718446601975,-4.0000000000000036,-0.07935688448036382,0.03251189393451703,0.06999999999999984,0.050000000000000266,0,0,0,0,0
2026-01-16,3.64,3.59,4.24,15.86,120.0838,,0.65,5.25,7.0,4.5,3.75,2.0,-1.6099999999999999,-3.36,-0.8599999999999999,-0.10999999999999988,1.6400000000000001,9.454796411318146,-3.762135922330101,-0.11453858086948321,0.16148108852933607,0.04999999999999982,0.10999999999999988,0,0,0,0,0
2026-01-19,3.64,,,18.84,,,,5.25,7.0,4.5,3.75,2.0,-1.6099999999999999,-3.36,-0.8599999999999999,-0.10999999999999988,1.6400000000000001,24.603174603174605,6.9239500567536805,0.07333590008982149,-0.059256793308648525,,,0,0,0,0,0
2026-01-20,3.64,3.6,4.3,20.09,119.4455,,0.7,5.25,7.0,4.5,3.75,2.0,-1.6099999999999999,-3.36,-0.8599999999999999,-0.10999999999999988,1.6400000000000001,25.71964956195243,19.08713692946058,-0.5781583334790064,-0.5058607546013172,0.07000000000000028,0.14000000000000012,0,0,0,1,0
2026-01-21,3.64,3.6,4.26,16.9,119.3431,,0.66,5.25,7.0,4.5,3.75,2.0,-1.6099999999999999,-3.36,-0.8599999999999999,-0.10999999999999988,1.6400000000000001,0.8955223880596996,13.346747149564031,-0.5090297339723548,-0.6841414985370053,0.0900000000000003,0.1200000000000001,0,0,0,0,0
2026-01-22,3.64,3.61,4.26,15.64,119.1962,,0.65,5.25,7.0,4.5,3.75,2.0,-1.6099999999999999,-3.36,-0.8599999999999999,-0.10999999999999988,1.6400000000000001,-1.262626262626254,11.079545454545459,-0.6657771859017503,-0.6625485868963721,0.04999999999999982,0.16999999999999993,0,0,0,0,0
2026-01-23,3.64,3.6,4.24,16.09,118.8976,,0.64,5.25,7.0,4.5,3.75,2.0,-1.6099999999999999,-3.36,-0.8599999999999999,-0.10999999999999988,1.6400000000000001,1.4501891551071955,14.928571428571423,-0.9878101792248462,-0.6750722814368837,0.010000000000000231,0.1200000000000001,0,0,0,0,0
2026-01-26,3.64,3.56,4.22,16.15,118.0525,,0.66,5.25,7.0,4.5,3.75,2.0,-1.6099999999999999,-3.36,-0.8599999999999999,-0.10999999999999988,1.6400000000000001,-14.278131634819536,19.896065330363765,-1.6915687211763841,-1.1593540371006794,,0.08999999999999986,0,0,0,0,0
2026-01-27,3.64,3.53,4.24,16.35,117.4523,,0.71,5.25,7.0,4.5,3.75,2.0,-1.6099999999999999,-3.36,-0.8599999999999999,-0.10999999999999988,1.6400000000000001,-18.616226978596305,15.140845070422548,-1.6687108346484347,-1.7874419160815447,-0.07000000000000028,0.07999999999999963,0,0,0,0,0
2026-01-28,3.64,3.56,4.26,16.35,117.5117,,0.7,5.25,7.0,4.5,3.75,2.0,-1.6099999999999999,-3.36,-0.8599999999999999,-0.10999999999999988,1.6400000000000001,-3.2544378698224685,14.096301465457085,-1.5345671429684682,-1.658829446524046,-0.040000000000000036,0.10999999999999988,0,0,0,0,0
2026-01-29,3.64,3.53,4.24,16.88,117.4396,,0.71,5.25,7.0,4.5,3.75,2.0,-1.6099999999999999,-3.36,-0.8599999999999999,-0.10999999999999988,1.6400000000000001,7.928388746803061,12.909698996655528,-1.4737046986397218,-1.92574925508745,-0.08000000000000007,0.05999999999999961,0,0,0,0,0
2026-01-30,3.64,3.52,4.26,17.44,117.8996,,0.74,5.25,7.0,4.5,3.75,2.0,-1.6099999999999999,-3.36,-0.8599999999999999,-0.10999999999999988,1.6400000000000001,8.39030453697951,20.19297036526535,-0.8393777502657684,-1.4266018649581658,-0.08000000000000007,0.04999999999999982,0,0,0,0,0
2026-02-02,3.64,3.57,4.29,16.34,118.3609,,0.72,5.25,7.0,4.25,3.75,2.0,-1.6099999999999999,-3.36,-0.6099999999999999,-0.10999999999999988,1.6400000000000001,1.1764705882353121,9.664429530201346,0.2612397026746649,-1.0519214306733415,0.009999999999999787,0.10999999999999988,0,0,0,0,0
2026-02-03,3.64,3.57,4.28,18.0,117.9764,,0.71,5.25,7.0,4.25,3.75,2.0,-1.6099999999999999,-3.36,-0.6099999999999999,-0.10999999999999988,1.6400000000000001,10.091743119266038,22.033898305084755,0.44622370102587183,-1.5063361626706073,0.040000000000000036,0.09999999999999964,0,0,0,0,0
2026-02-04,3.64,3.57,4.29,18.64,118.2602,,0.72,5.25,7.0,4.25,3.75,2.0,-1.6099999999999999,-3.36,-0.6099999999999999,-0.10999999999999988,1.6400000000000001,14.00611620795107,21.19635890767231,0.6369578518564456,-1.3445186069462434,0.009999999999999787,0.09999999999999964,0,0,0,0,0
2026-02-05,3.64,3.47,4.21,21.77,118.5034,,0.74,5.25,7.0,4.25,3.75,2.0,-1.6099999999999999,-3.36,-0.6099999999999999,-0.10999999999999988,1.6400000000000001,28.96919431279621,40.90614886731392,0.9058273359241698,-1.3215044666351372,-0.05999999999999961,-0.020000000000000018,0,0,0,1,0
2026-02-06,3.64,3.5,4.22,17.76,118.2407,,0.72,5.25,7.0,4.25,3.75,2.0,-1.6099999999999999,-3.36,-0.6099999999999999,-0.10999999999999988,1.6400000000000001,1.8348623853211121,22.567287784679092,0.28931395865634535,-1.6476254247368427,-0.020000000000000018,-0.040000000000000036,0,0,0,0,0
2026-02-09,3.64,3.48,4.22,17.36,117.6392,,0.74,5.25,7.0,4.25,3.75,2.0,-1.6099999999999999,-3.36,-0.6099999999999999,-0.10999999999999988,1.6400000000000001,6.242350061199509,14.814814814814813,-0.6097452790575275,-1.9639020699057763,-0.08999999999999986,-0.06000000000000005,0,0,0,0,0
2026-02-10,3.64,3.45,4.16,17.79,117.5216,,0.71,5.25,7.0,4.25,3.75,2.0,-1.6099999999999999,-3.36,-0.6099999999999999,-0.10999999999999988,1.6400000000000001,-1.1666666666666714,11.326658322903626,-0.385500828979346,-2.17953872187554,-0.11999999999999966,-0.07999999999999963,0,0,0,0,0
2026-02-11,3.64,3.52,4.18,17.65,117.4601,,0.66,5.25,7.0,4.25,3.75,2.0,-1.6099999999999999,-3.36,-0.6099999999999999,-0.10999999999999988,1.6400000000000001,-5.3111587982832775,5.373134328358198,-0.676558977576569,-2.078802071132446,-0.04999999999999982,0.010000000000000231,0,0,0,0,0
2026-02-12,3.64,3.47,4.09,20.82,117.5376,,0.62,5.25,7.0,4.25,3.75,2.0,-1.6099999999999999,-3.36,-0.6099999999999999,-0.10999999999999988,1.6400000000000001,-4.363803399173172,31.439393939393945,-0.814997713145782,-2.048000293345309,0.0,-0.08999999999999986,0,0,0,1,0
2026-02-13,3.64,3.4,4.04,20.6,117.5258,,0.64,5.25,7.0,4.25,3.75,2.0,-1.6099999999999999,-3.36,-0.6099999999999999,-0.10999999999999988,1.6400000000000001,15.990990990990994,29.886506935687287,-0.6046141472437205,-2.1301790916010255,-0.10000000000000009,-0.18999999999999995,0,0,0,1,0
2026-02-16,3.64,,,21.2,,,,5.25,7.0,4.25,3.75,2.0,-1.6099999999999999,-3.36,-0.6099999999999999,-0.10999999999999988,1.6400000000000001,22.119815668202758,12.526539278131633,-0.09639643928214259,-2.1301790916010255,,,0,0,0,1,0
2026-02-17,3.64,3.43,4.05,20.29,117.7375,,0.62,5.25,7.0,4.25,3.75,2.0,-1.6099999999999999,-3.36,-0.6099999999999999,-0.10999999999999988,1.6400000000000001,14.052838673412026,0.9955201592832141,0.1837109093136835,-1.4299408516854961,-0.020000000000000018,-0.16999999999999993,0,0,0,1,0
2026-02-18,3.64,3.47,4.09,19.62,117.8426,,0.62,5.25,7.0,4.25,3.75,2.0,-1.6099999999999999,-3.36,-0.6099999999999999,-0.10999999999999988,1.6400000000000001,11.161473087818718,16.09467455621303,0.3256424947705616,-1.2572993327641058,-0.04999999999999982,-0.1299999999999999,0,0,0,0,0
2026-02-19,3.64,3.47,4.08,20.23,118.2354,,0.61,5.25,7.0,4.25,3.75,2.0,-1.6099999999999999,-3.36,-0.6099999999999999,-0.10999999999999988,1.6400000000000001,-2.833813640730065,29.34782608695652,0.5936823620696696,-0.8060659651901725,0.0,-0.13999999999999968,0,0,0,1,0
2026-02-20,3.64,3.48,4.08,19.09,117.9917,,0.6,5.25,7.0,4.25,3.75,2.0,-1.6099999999999999,-3.36,-0.6099999999999999,-0.10999999999999988,1.6400000000000001,-7.33009708737865,18.64512119328776,0.3964235937981231,-0.7619161362382387,0.08000000000000007,-0.1200000000000001,0,0,0,0,0
2026-02-23,3.64,3.43,4.03,21.01,117.9395,,0.6,5.25,7.0,4.25,3.75,2.0,-1.6099999999999999,-3.36,-0.6099999999999999,-0.10999999999999988,1.6400000000000001,-0.8962264150943255,30.092879256965976,0.35200781445434703,-0.09572012452087053,,-0.1299999999999999,0,0,0,1,0
2026-02-24,3.64,3.43,4.04,19.55,117.9463,,0.61,5.25,7.0,4.25,3.75,2.0,-1.6099999999999999,-3.36,-0.6099999999999999,-0.10999999999999988,1.6400000000000001,-3.6471168063085146,19.57186544342506,0.1773436670559514,0.4205962761052673,0.0,-0.09999999999999964,0,0,0,0,0
2026-02-25,3.64,3.45,4.05,17.93,117.769,,0.6,5.25,7.0,4.25,3.75,2.0,-1.6099999999999999,-3.36,-0.6099999999999999,-0.10999999999999988,1.6400000000000001,-8.613659531090734,9.663608562691127,-0.06245619156399762,0.21895692088531593,-0.020000000000000018,-0.10999999999999988,0,0,0,0,0
2026-02-26,3.64,3.42,4.02,18.63,117.9042,,0.6,5.25,7.0,4.25,3.75,2.0,-1.6099999999999999,-3.36,-0.6099999999999999,-0.10999999999999988,1.6400000000000001,-7.90904597132972,10.367298578199048,-0.2801191521320967,0.3956076144673526,-0.050000000000000266,-0.10999999999999988,0,0,0,0,0
2026-02-27,3.64,3.38,3.97,19.86,117.8223,,0.59,5.25,7.0,4.25,3.75,2.0,-1.6099999999999999,-3.36,-0.6099999999999999,-0.10999999999999988,1.6400000000000001,4.033525405971705,13.876146788990805,-0.14356942056092947,-0.06556425976000924,-0.10000000000000009,-0.14000000000000012,0,0,0,0,0
2026-03-02,3.64,3.47,4.05,21.44,118.667,,0.58,5.25,6.75,4.25,3.75,2.0,-1.6099999999999999,-3.11,-0.6099999999999999,-0.10999999999999988,1.6400000000000001,2.046644455021407,31.211750305997565,0.6168416857795789,0.25861580978177034,0.040000000000000036,-0.09999999999999964,0,1,0,1,0
2026-03-03,3.64,3.51,4.06,23.57,119.4341,,0.55,5.25,6.75,4.25,3.75,2.0,-1.6099999999999999,-3.11,-0.6099999999999999,-0.10999999999999988,1.6400000000000001,20.562659846547305,30.944444444444443,1.2614215113148974,1.2355861002709023,0.07999999999999963,-0.06000000000000005,0,1,0,1,0
2026-03-04,3.64,3.54,4.09,21.15,119.0705,,0.55,5.25,6.75,4.25,3.75,2.0,-1.6099999999999999,-3.11,-0.6099999999999999,-0.10999999999999988,1.6400000000000001,17.958728388176226,13.465665236051482,1.10512953323878,0.6851840264095577,0.08999999999999986,-0.029999999999999805,0,1,0,1,0
2026-03-05,3.64,3.57,4.13,23.75,119.5683,,0.56,5.25,6.75,4.25,3.75,2.0,-1.6099999999999999,-3.11,-0.6099999999999999,-0.10999999999999988,1.6400000000000001,27.482555018786915,9.09508497932936,1.4114001027953016,0.8986240057247352,0.1499999999999999,0.09999999999999964,0,1,0,1,0
2026-03-06,3.64,3.56,4.15,29.49,119.491,,0.59,5.25,6.75,4.25,3.75,2.0,-1.6099999999999999,-3.11,-0.6099999999999999,-0.10999999999999988,1.6400000000000001,48.48942598187311,66.04729729729728,1.4162853721239488,1.057419315007424,0.18000000000000016,0.06000000000000005,0,1,0,1,0
2026-03-09,3.64,3.56,4.12,25.5,119.5151,,0.56,5.25,6.75,4.25,3.75,2.0,-1.6099999999999999,-3.11,-0.6099999999999999,-0.10999999999999988,1.6400000000000001,18.93656716417911,46.88940092165899,0.714689003682567,1.5946215207175873,0.08999999999999986,0.08000000000000007,0,1,0,1,0
2026-03-10,3.64,3.57,4.15,24.93,118.7255,,0.58,5.25,6.75,4.25,3.75,2.0,-1.6099999999999999,-3.11,-0.6099999999999999,-0.10999999999999988,1.6400000000000001,5.770046669495121,40.134907251264764,-0.5932978939850564,1.0244074280812976,0.06000000000000005,0.11999999999999966,0,1,0,1,0
2026-03-11,3.64,3.64,4.21,24.23,119.2885,,0.57,5.25,6.75,4.25,3.75,2.0,-1.6099999999999999,-3.11,-0.6099999999999999,-0.10999999999999988,1.6400000000000001,14.562647754137114,37.28045325779039,0.18308481109929886,1.5566136926496776,0.10000000000000009,0.1200000000000001,0,1,0,1,0
2026-03-12,3.64,3.76,4.27,27.29,119.8227,,0.51,5.25,6.75,4.25,3.75,2.0,-1.6099999999999999,-3.11,-0.6099999999999999,-0.10999999999999988,1.6400000000000001,14.905263157894733,31.07588856868395,0.21276542361143846,1.9441438314207637,0.18999999999999995,0.2899999999999996,0,1,0,1,0
2026-03-13,3.64,3.73,4.28,27.19,120.5518,,0.55,5.25,6.75,4.25,3.75,2.0,-1.6099999999999999,-3.11,-0.6099999999999999,-0.10999999999999988,1.6400000000000001,-7.799253984401478,31.990291262135926,0.8877656057778349,2.574753798740348,0.16999999999999993,0.33000000000000007,0,1,0,1,0
2026-03-16,3.64,3.68,4.23,23.51,120.097,,0.55,5.25,6.75,4.25,3.75,2.0,-1.6099999999999999,-3.11,-0.6099999999999999,-0.10999999999999988,1.6400000000000001,-7.803921568627448,10.896226415094358,0.4868840841031785,2.1877749396302715,0.1200000000000001,,0,1,0,1,0
2026-03-17,3.64,3.68,4.2,22.37,119.8328,,0.52,5.25,6.75,4.25,3.75,2.0,-1.6099999999999999,-3.11,-0.6099999999999999,-0.10999999999999988,1.6400000000000001,-10.268752507019652,10.251355347461821,0.9326555794669344,1.7796369041299664,0.11000000000000032,0.25,0,1,0,1,0
2026-03-18,3.64,3.76,4.26,25.09,119.9276,,0.5,5.25,6.75,4.25,3.75,2.0,-1.6099999999999999,-3.11,-0.6099999999999999,-0.10999999999999988,1.6400000000000001,3.549319026000819,27.87971457696228,0.5357599433306603,1.7693092311269476,0.11999999999999966,0.2899999999999996,0,1,0,1,0
2026-03-19,3.64,3.79,4.25,24.06,120.1802,,0.46,5.25,6.75,4.25,3.75,2.0,-1.6099999999999999,-3.11,-0.6099999999999999,-0.10999999999999988,1.6400000000000001,-11.835837303041409,18.932278793870474,0.29835748985793664,1.644854248389227,0.03000000000000025,0.31999999999999984,0,1,0,1,0
2026-03-20,3.64,3.88,4.39,26.78,120.2757,,0.51,5.25,6.75,4.25,3.75,2.0,-1.6099999999999999,-3.11,-0.6099999999999999,-0.10999999999999988,1.6400000000000001,-1.5079073188672298,40.282870612886335,-0.22903017623958632,1.9357293775748685,0.1499999999999999,0.3999999999999999,0,1,0,1,0
2026-03-23,3.64,3.83,4.34,26.15,119.9371,,0.51,5.25,6.75,4.25,3.75,2.0,-1.6099999999999999,-3.11,-0.6099999999999999,-0.10999999999999988,1.6400000000000001,11.229264142917895,24.46454069490718,-0.1331423765789319,1.6937497615302721,0.1499999999999999,0.3999999999999999,0,1,0,1,0
2026-03-24,3.64,3.9,4.39,26.95,120.1295,,0.49,5.25,6.75,4.25,3.75,2.0,-1.6099999999999999,-3.11,-0.6099999999999999,-0.10999999999999988,1.6400000000000001,20.47384890478319,37.85166240409205,0.24759498234205868,1.8510118587865776,0.21999999999999975,0.46999999999999975,0,1,0,1,0
2026-03-25,3.64,3.84,4.33,25.33,120.1282,,0.49,5.25,6.75,4.25,3.75,2.0,-1.6099999999999999,-3.11,-0.6099999999999999,-0.10999999999999988,1.6400000000000001,0.9565563969708979,41.271611823759045,0.1672675847761651,2.003243637969243,0.08000000000000007,0.3899999999999997,0,1,0,1,0
2026-03-26,3.64,3.96,4.42,27.44,120.389,,0.46,5.25,6.75,4.25,3.75,2.0,-1.6099999999999999,-3.11,-0.6099999999999999,-0.10999999999999988,1.6400000000000001,14.048212801330017,47.289318303811065,0.17373910178215546,2.1074736947453987,0.16999999999999993,0.54,0,1,0,1,0
2026-03-27,3.64,3.88,4.44,31.05,120.8851,,0.56,5.25,6.75,4.25,3.75,2.0,-1.6099999999999999,-3.11,-0.6099999999999999,-0.10999999999999988,1.6400000000000001,15.944734876773703,56.34441087613293,0.5066692607068601,2.599507903003073,0.0,0.5,0,1,0,1,1
2026-03-30,3.64,3.82,4.35,30.61,121.2851,,0.53,5.25,6.75,4.25,3.75,2.0,-1.6099999999999999,-3.11,-0.6099999999999999,-0.10999999999999988,1.6400000000000001,17.055449330783933,42.770522388059696,1.1239224560206873,2.2062578475903205,-0.010000000000000231,0.34999999999999964,0,1,0,1,1
2026-03-31,3.64,3.79,4.3,25.25,121.035,,0.51,5.25,6.75,4.25,3.75,2.0,-1.6099999999999999,-3.11,-0.6099999999999999,-0.10999999999999988,1.6400000000000001,-6.307977736549164,7.127704709376315,0.7537698899937162,1.3404044573534613,-0.10999999999999988,0.28000000000000025,0,1,0,1,0
2026-04-01,3.64,3.81,4.33,24.54,120.1198,332.407,0.52,5.25,6.75,4.5,3.75,2.0,-1.6099999999999999,-3.11,-0.8599999999999999,-0.10999999999999988,1.6400000000000001,-3.118831425187518,16.028368794326255,-0.006992529647498191,0.8812426251674443,-0.029999999999999805,0.27,1,1,0,1,0
2026-04-02,3.64,3.79,4.31,23.87,120.503,,0.52,5.25,6.75,4.5,3.75,2.0,-1.6099999999999999,-3.11,-0.8599999999999999,-0.10999999999999988,1.6400000000000001,-13.010204081632647,0.505263157894742,0.09469303673923513,0.7817289365157798,-0.16999999999999993,0.2200000000000002,1,1,0,1,0
2026-04-07,3.64,3.81,4.33,25.78,120.32,,0.52,5.25,6.75,4.5,3.75,2.0,-1.6099999999999999,-3.11,-0.8599999999999999,-0.10999999999999988,1.6400000000000001,-16.972624798711756,-12.58053577483892,-0.4674686954802554,0.693776100292065,-0.06999999999999984,0.25,1,1,0,1,0
2026-04-08,3.64,3.79,4.29,21.04,119.0596,,0.5,5.25,6.75,4.5,3.75,2.0,-1.6099999999999999,-3.11,-0.8599999999999999,-0.10999999999999988,1.6400000000000001,-31.26429271479909,-17.490196078431374,-1.83493273287485,-0.3811233894294497,-0.029999999999999805,0.22999999999999998,1,1,0,1,0
2026-04-09,3.64,3.78,4.29,19.49,118.8998,,0.51,5.25,6.75,4.5,3.75,2.0,-1.6099999999999999,-3.11,-0.8599999999999999,-0.10999999999999988,1.6400000000000001,-22.81188118811882,-21.821099077416772,-1.7641178171603267,0.1468092364319329,-0.010000000000000231,0.20999999999999996,1,1,0,0,0
2026-04-10,3.64,3.81,4.31,19.23,118.8552,,0.5,5.25,6.75,4.5,3.75,2.0,-1.6099999999999999,-3.11,-0.8599999999999999,-0.10999999999999988,1.6400000000000001,-21.638141809290946,-20.635575732562938,-1.0527823056648455,-0.3632370262011908,0.0,0.16999999999999993,1,1,0,0,0
2026-04-13,3.64,3.78,4.3,19.12,118.9916,,0.52,5.25,6.75,4.5,3.75,2.0,-1.6099999999999999,-3.11,-0.8599999999999999,-0.10999999999999988,1.6400000000000001,-19.899455383326348,-29.937706119457673,-1.254242632963487,-0.6936081393592253,-0.010000000000000231,0.020000000000000018,1,1,0,0,0
2026-04-14,3.64,3.76,4.26,18.36,118.3581,,0.5,5.25,6.75,4.5,3.75,2.0,-1.6099999999999999,-3.11,-0.8599999999999999,-0.10999999999999988,1.6400000000000001,-28.782001551590387,-32.475174696579636,-1.6305684840425494,-1.8197156740919707,-0.050000000000000266,0.029999999999999805,1,1,0,0,0
2026-04-15,3.64,3.76,4.29,18.17,118.3623,,0.53,5.25,6.75,4.5,3.75,2.0,-1.6099999999999999,-3.11,-0.8599999999999999,-0.10999999999999988,1.6400000000000001,-13.640684410646376,-22.71373883453849,-0.5856730578634561,-1.4444157639241562,-0.03000000000000025,0.07999999999999963,1,0,0,0,0
2026-04-16,3.64,3.78,4.32,17.94,118.3616,,0.54,5.25,6.75,4.5,3.75,2.0,-1.6099999999999999,-3.11,-0.8599999999999999,-0.10999999999999988,1.6400000000000001,-7.952796305797827,-19.80330800178811,-0.4526500465097505,-1.2277106101167723,0.0,0.09999999999999964,1,0,0,0,0
2026-04-17,3.64,3.71,4.26,17.48,118.0795,,0.55,5.25,6.75,4.5,3.75,2.0,-1.6099999999999999,-3.11,-0.8599999999999999,-0.10999999999999988,1.6400000000000001,-9.10036401456058,-30.330809087285772,-0.6526428797393846,-1.5410130778903297,-0.10000000000000009,-0.04999999999999982,1,0,0,0,0
2026-04-20,3.64,3.72,4.26,18.87,118.2374,,0.54,5.25,6.75,4.5,3.75,2.0,-1.6099999999999999,-3.11,-0.8599999999999999,-0.10999999999999988,1.6400000000000001,-1.3075313807531352,-21.57107231920199,-0.6338262532817551,-1.6165724470420306,-0.05999999999999961,-0.06999999999999984,1,0,0,0,0
2026-04-21,3.64,3.78,4.3,19.5,118.4331,,0.52,5.25,6.75,4.5,3.75,2.0,-1.6099999999999999,-3.11,-0.8599999999999999,-0.10999999999999988,1.6400000000000001,6.209150326797386,-27.184466019417474,0.0633670192407676,-1.5319802753174572,0.020000000000000018,-0.10000000000000009,1,0,0,0,0
2026-04-22,3.64,3.79,4.3,18.92,118.6004,,0.51,5.25,6.75,4.5,3.75,2.0,-1.6099999999999999,-3.11,-0.8599999999999999,-0.10999999999999988,1.6400000000000001,4.127682993946058,-27.64818355640535,0.20116202540840789,-1.1145008508626653,0.03000000000000025,-0.040000000000000036,1,0,0,0,0
2026-04-23,3.64,3.83,4.34,19.31,118.7155,,0.51,5.25,6.75,4.5,3.75,2.0,-1.6099999999999999,-3.11,-0.8599999999999999,-0.10999999999999988,1.6400000000000001,7.636566332218497,-28.348794063079787,0.2989989996755815,-1.1770630860862497,0.050000000000000266,-0.06999999999999984,1,0,0,0,0
2026-04-24,3.64,3.78,4.31,18.71,118.7294,,0.53,5.25,6.75,4.5,3.75,2.0,-1.6099999999999999,-3.11,-0.8599999999999999,-0.10999999999999988,1.6400000000000001,7.036613272311221,-26.135017765495448,0.55039189698467,-1.1644226751087672,0.06999999999999984,-0.06000000000000005,1,0,0,0,0
2026-04-27,3.64,3.78,4.35,18.02,118.5458,,0.57,5.25,6.75,4.5,3.75,2.0,-1.6099999999999999,-3.11,-0.8599999999999999,-0.10999999999999988,1.6400000000000001,-4.504504504504514,-34.329446064139944,0.26083117524573485,-1.5310368887522907,0.05999999999999961,-0.18000000000000016,1,0,0,0,0
2026-04-28,3.64,3.84,4.36,17.83,118.7717,,0.52,5.25,6.75,4.5,3.75,2.0,-1.6099999999999999,-3.11,-0.8599999999999999,-0.10999999999999988,1.6400000000000001,-8.564102564102571,-42.57648953301128,0.2858998033488991,-1.7482717059422503,0.06000000000000005,-0.040000000000000036,1,0,0,0,0
2026-04-29,3.64,3.92,4.42,18.81,119.0975,,0.5,5.25,6.75,4.5,3.75,2.0,-1.6099999999999999,-3.11,-0.8599999999999999,-0.10999999999999988,1.6400000000000001,-0.5813953488372214,-38.54949362953284,0.4191385526524316,-1.803684046927445,0.1299999999999999,0.10000000000000009,1,0,0,0,0
2026-04-30,3.64,3.88,4.4,16.89,118.671,,0.52,5.25,6.75,4.5,3.75,2.0,-1.6099999999999999,-3.11,-0.8599999999999999,-0.10999999999999988,1.6400000000000001,-12.532366649404448,-33.1089108910891,-0.037484574465840304,-1.953154046350225,0.04999999999999982,0.08999999999999986,1,0,0,0,0
2026-05-04,3.64,3.95,4.45,18.29,118.8264,,0.5,5.25,6.5,4.5,3.75,2.0,-1.6099999999999999,-2.86,-0.8599999999999999,-0.10999999999999988,1.6400000000000001,-2.2447888829502993,-25.46862265688672,0.081698383045814,-1.0767583695610483,0.17000000000000037,0.14000000000000012,1,1,0,0,0
2026-05-05,3.64,3.93,4.43,17.38,118.6207,,0.5,5.25,6.5,4.5,3.75,2.0,-1.6099999999999999,-2.86,-0.8599999999999999,-0.10999999999999988,1.6400000000000001,-3.5516093229744805,-27.188940092165904,0.06318233121713757,-1.562035799938588,0.15000000000000036,0.14000000000000012,1,1,0,0,0
2026-05-06,3.64,3.87,4.36,17.39,118.0982,,0.49,5.25,6.5,4.5,3.75,2.0,-1.6099999999999999,-2.86,-0.8599999999999999,-0.10999999999999988,1.6400000000000001,-2.4677509814918563,-32.544608223429016,-0.5670542730296768,-1.8465757978723296,0.03000000000000025,0.06000000000000005,1,1,0,0,0
2026-05-07,3.63,3.92,4.41,17.08,118.0116,,0.49,5.25,6.5,4.5,3.75,2.0,-1.62,-2.87,-0.8700000000000001,-0.1200000000000001,1.63,-9.197235513024992,-18.8212927756654,-0.9117739667079405,-0.880231413510546,0.0,0.1299999999999999,1,1,0,0,0
2026-05-08,3.63,3.9,4.38,17.19,118.0392,,0.48,5.25,6.5,4.5,3.75,2.0,-1.62,-2.87,-0.8700000000000001,-0.1200000000000001,1.63,1.7761989342806483,-11.800923550538723,-0.5323962888995726,-0.7238027313755002,0.020000000000000018,0.1200000000000001,1,1,0,0,0
2026-05-11,3.63,3.95,4.42,18.38,118.0562,,0.47,5.25,6.5,4.5,3.75,2.0,-1.62,-2.87,-0.8700000000000001,-0.1200000000000001,1.63,0.49207217058502284,-4.420176807072284,-0.648172459992058,-0.672246565568857,0.0,0.14000000000000012,1,1,0,0,0
2026-05-12,3.63,4.0,4.46,17.99,118.5238,,0.46,5.25,6.5,4.5,3.75,2.0,-1.62,-2.87,-0.8700000000000001,-0.1200000000000001,1.63,3.5097813578826242,-5.910041841004199,-0.08168894636434443,-0.3931369945441632,0.06999999999999984,0.2200000000000002,1,1,0,0,0
2026-05-13,3.63,3.98,4.46,17.87,118.4737,,0.48,5.25,6.5,4.5,3.75,2.0,-1.62,-2.87,-0.8700000000000001,-0.1200000000000001,1.63,2.7602070155261726,-2.6688453159041337,0.3179557351424389,0.0976696989897663,0.10999999999999988,0.2200000000000002,1,1,0,0,0
2026-05-14,3.63,4.0,4.47,17.26,118.6696,,0.47,5.25,6.5,4.5,3.75,2.0,-1.62,-2.87,-0.8700000000000001,-0.1200000000000001,1.63,1.0538641686182793,-5.008255365987891,0.5575723064512372,0.2596265871819048,0.08000000000000007,0.2400000000000002,1,1,0,0,0
2026-05-15,3.63,4.09,4.59,18.43,119.2825,,0.5,5.25,6.5,4.5,3.75,2.0,-1.62,-2.87,-0.8700000000000001,-0.1200000000000001,1.63,7.213496218731819,2.7313266443701245,1.053294159906204,0.7780394992970674,0.18999999999999995,0.31000000000000005,1,1,0,0,0
2026-05-18,3.63,4.07,4.61,17.82,119.0574,,0.54,5.25,6.5,4.5,3.75,2.0,-1.62,-2.87,-0.8700000000000001,-0.1200000000000001,1.63,-3.0467899891186034,1.94508009153318,0.8480706646495362,0.8281708509944696,0.1200000000000001,0.3600000000000003,1,1,0,0,0
2026-05-19,3.62,4.13,4.67,18.06,119.451,,0.54,5.25,6.5,4.5,3.75,2.0,-1.63,-2.88,-0.8799999999999999,-0.1299999999999999,1.62,0.3891050583657574,-4.292527821939595,0.7822901391956627,1.0264095793716788,0.1299999999999999,0.4099999999999997,1,1,0,0,0
2026-05-20,3.62,4.04,4.57,17.44,119.1624,,0.53,5.25,6.5,4.5,3.75,2.0,-1.63,-2.88,-0.8799999999999999,-0.1299999999999999,1.62,-2.406267487409064,-10.564102564102562,0.5813104511803058,0.6157906868941243,0.06000000000000005,0.26000000000000023,1,1,0,0,0
2026-05-21,3.62,4.08,4.57,16.76,119.369,,0.49,5.25,6.5,4.5,3.75,2.0,-1.63,-2.88,-0.8799999999999999,-0.1299999999999999,1.62,-2.8968713789107814,-11.416490486257924,0.5893674538382188,0.6480585225682178,0.08000000000000007,0.29000000000000004,1,1,0,0,0
2026-05-22,3.62,4.13,4.56,16.7,119.2868,,0.43,5.25,6.5,4.5,3.75,2.0,-1.63,-2.88,-0.8799999999999999,-0.1299999999999999,1.62,-9.38686923494303,-13.516312791299844,0.0036048875568406302,0.4812345481423952,0.040000000000000036,0.2999999999999998,1,1,0,0,0
2026-05-25,3.62,,,16.59,,,,5.25,6.5,4.5,3.75,2.0,-1.63,-2.88,-0.8799999999999999,-0.1299999999999999,1.62,-6.90235690235691,-11.330839123463399,0.19268016939728572,0.4694709145333764,,,1,1,0,0,0
2026-05-26,3.62,4.01,4.5,17.01,119.1696,,0.49,5.25,6.5,4.5,3.75,2.0,-1.63,-2.88,-0.8799999999999999,-0.1299999999999999,1.62,-5.813953488372081,-5.6048834628190765,-0.2355777682899185,0.5262101230073091,-0.1200000000000001,0.22999999999999998,1,1,0,0,0
2026-05-27,3.62,4.0,4.48,16.29,119.1829,,0.48,5.25,6.5,4.5,3.75,2.0,-1.63,-2.88,-0.8799999999999999,-0.1299999999999999,1.62,-6.594036697247718,-8.63712843522153,0.017203413157163006,0.3462104188118875,-0.040000000000000036,0.16000000000000014,1,1,0,0,0
2026-05-28,3.62,3.99,4.45,15.74,119.0318,,0.46,5.25,6.5,4.5,3.75,2.0,-1.63,-2.88,-0.8799999999999999,-0.1299999999999999,1.62,-6.085918854415285,-16.321105794790004,-0.28248540240766173,-0.055164885912795114,-0.08999999999999986,0.07000000000000028,1,1,0,0,0
2026-05-29,3.62,3.98,4.45,15.32,118.8783,,0.47,5.25,6.5,4.5,3.75,2.0,-1.63,-2.88,-0.8799999999999999,-0.1299999999999999,1.62,-8.263473053892213,-9.295441089402011,-0.3424519728922215,0.17468463230274622,-0.1499999999999999,0.10000000000000009,1,1,0,0,0
2026-06-01,3.62,4.05,4.47,16.05,119.1653,,0.42,5.25,6.5,4.5,3.75,2.0,-1.63,-2.88,-0.8799999999999999,-0.1299999999999999,1.62,-3.2549728752260365,-12.247129579004913,-0.10185536035839382,0.28520598116243967,,0.09999999999999964,1,1,0,0,0
2026-06-02,3.62,4.05,4.46,15.77,119.0359,,0.41,5.25,6.5,4.5,3.75,2.0,-1.63,-2.88,-0.8799999999999999,-0.1299999999999999,1.62,-7.289829512051749,-9.26352128883774,-0.11219304252091389,0.3500232252886759,0.040000000000000036,0.11999999999999966,1,1,0,0,0
2026-06-03,3.62,4.08,4.49,16.06,119.3848,,0.41,5.25,6.5,4.5,3.75,2.0,-1.63,-2.88,-0.8799999999999999,-0.1299999999999999,1.62,-1.411909146715784,-7.648073605520422,0.1694034966425617,1.0894323537530504,0.08000000000000007,0.20999999999999996,1,1,0,0,0
2026-06-05,3.62,4.17,4.55,21.51,120.0831,,0.38,5.25,6.5,4.5,3.75,2.0,-1.63,-2.88,-0.8799999999999999,-0.1299999999999999,1.62,36.65819567979671,25.936768149882926,0.8832093608598601,1.755335916130285,0.17999999999999972,0.25,1,1,0,1,0
